Sexo;EdadIng;A§oIngr;NomEscSec;P£blica;TÇcnica;CiudadAlu;c1lib;c1reg;c1prom;c2lib;c2reg;c2prom;Abandona?
0;22;2010;U.E.P. Nß 31 SAN ROQUE;0;0;RESISTENCIA;5;0;0;0;0;0;1
0;25;2010;E.N.S. Nß 27 INGENIERO FRANCISCO HOST;1;0;CORRIENTES;3;1;1;2;2;1;0
0;20;2010;C.E.P. Nß 66 EX - E.COM. Nß. 7 ROBERTO A. MULLER;1;0;RESISTENCIA;2;3;0;0;3;0;0
0;24;2010;E.P.E.T. Nß 4 El Colorado;1;1;RESISTENCIA;1;4;0;1;2;0;0
0;17;2010;E.N.S. Nß 45 HEROES DEL ATLANTICO SUR;1;0;RESISTENCIA;5;0;0;0;0;0;1
0;27;2010;E.N.S. Nß 76 GRAL. JOSE MARIA PAZ;1;0;RESISTENCIA;4;1;0;0;0;0;0
0;18;2010;E.N.S. Nß 36  MARTIN BUBER;1;0;FONTANA;5;0;0;0;0;0;1
0;21;2010;U.E.P. Nß 19 DON BOSCO;0;0;RESISTENCIA;4;1;0;1;1;0;0
1;19;2010;U.E.P. Nß 21 MARIA AUXILIADORA;0;0;RESISTENCIA;4;0;1;0;1;1;0
0;20;2010;U.E.P. Nß 40 BACHILLERATO AGROTECNICO;0;1;RESISTENCIA;3;1;1;0;2;0;0
0;19;2010;C.E.P. Nß 67 EX - E.COM. Nß 8 GRAL. MANUEL OBLIGADO;1;0;RESISTENCIA;3;1;1;0;2;1;1
0;21;2010;C.E.P. Nß 67 EX - E.COM. Nß 8 GRAL. MANUEL OBLIGADO;1;0;RESISTENCIA;1;2;2;2;2;1;0
0;19;2010;C.E.P. Nß 54 Pablo Ricchieri;1;0;BARRANQUERAS;5;0;0;0;0;0;1
0;50;2010;E.N.S. Nß 78 EX COLEGIO NACIONAL;1;0;RESISTENCIA;5;0;0;0;0;0;1
0;19;2010;E.N.S. Nß 31 JosÇ Gervacio Artigas;1;0;RESISTENCIA;3;1;1;0;2;0;0
0;18;2010;U.E.P. Nß 12 INSTITUTO PRIVADO CRISTIANO;0;0;RESISTENCIA;2;2;1;1;2;0;0
0;22;2010;C.E.P. Nß 15 (ex-E.N.S. 18 JosÇ Hernandez);1;0;BARRANQUERAS;1;3;1;2;3;0;0
0;19;2010;E.E.T. Nß 24 - SIMON DE IRIONDO;1;1;RESISTENCIA;4;1;0;2;0;0;1
0;45;2010;Escuela Nacional Normal Superior de Charata;1;0;RESISTENCIA;3;2;0;1;3;1;0
0;20;2010;E. T. Nß 2 - BERNARDINO RIVADAVIA;1;1;BARRANQUERAS;4;1;0;0;0;0;1
0;29;2010;E.E.T. Nß 24 - SIMON DE IRIONDO;1;1;RESISTENCIA;5;0;0;0;0;0;1
0;26;2010;INST.ROQUE GONZALEZ;0;0;RESISTENCIA;3;0;2;0;2;2;0
0;23;2010;U.E.P. Nß 109 COLEGIO INTEGRAL DR.CARLOS LOPEZ PI;0;0;RESISTENCIA;5;0;0;0;0;0;1
0;24;2010;E.E.T.A. Nß 32 - MARTIN L. GUZMAN;1;1;FONTANA;3;2;0;0;1;2;0
0;22;2010;E.E.T.A. Nß 32 - MARTIN L. GUZMAN;1;1;FONTANA;3;2;0;2;1;0;0
0;21;2010;U.E.P. Nß 31 SAN ROQUE;0;0;RESISTENCIA;3;2;0;1;2;0;0
0;19;2010;U.E.P. Nß 9 LO SE TODO;0;0;RESISTENCIA;3;2;0;2;0;0;1
0;22;2010;E.N.S. Nß 31 JosÇ Gervacio Artigas;1;0;RESISTENCIA;5;0;0;0;0;0;1
0;18;2010;C.E.P. Nß 32 - EX-E.N.S. 56 DOMINGO MATHEU;1;0;RESISTENCIA;4;1;0;2;0;0;1
1;60;2010;C.E.P. Nß 66 EX - E.COM. Nß. 7 ROBERTO A. MULLER;1;0;GENERAL JOSE DE SAN MARTIN;3;1;1;3;0;0;1
0;23;2010;U.E.P. Nß 32 NUESTRA SE•ORA DEL CARMEN;0;0;CORRIENTES;3;2;0;1;1;0;0
0;22;2010;E.N.S. Nß 81;1;0;RESISTENCIA;2;3;0;0;3;1;0
0;22;2010;C.E.P. Nß 67 EX - E.COM. Nß 8 GRAL. MANUEL OBLIGADO;1;0;RESISTENCIA;1;4;0;3;0;0;1
0;25;2010;E.N.S. Nß 36  MARTIN BUBER;1;0;FONTANA;1;1;3;2;3;1;0
0;24;2010;E.P.N.M. Nß 28 SAN FRANCISCO DE ASIS;1;0;CLORINDA;0;2;3;2;3;1;0
1;24;2010;E.E.T. Nß 24 - SIMON DE IRIONDO;1;1;RESISTENCIA;0;1;4;3;1;2;0
0;22;2010;C.E.P. Nß 11 - EX-E.N.S. 11 PROFESOR LINO TORRES;1;0;RESISTENCIA;0;3;1;1;1;1;0
1;23;2010;E.E.T. Nß 21 GENERAL MANUEL BELGRANO;1;1;RESISTENCIA;0;0;4;0;2;3;0
0;26;2010;C.E.P. Nß 11 - EX-E.N.S. 11 PROFESOR LINO TORRES;1;0;RESISTENCIA;0;0;2;0;3;2;0
0;18;2011;C.E.P. Nß 2 PROF. IV?N SAGARDUY;1;0;RESISTENCIA;5;0;0;0;0;0;1
0;24;2011;INSTITUTO  GENERAL SAN MARTIN;0;0;FORMOSA;5;0;0;1;0;0;0
0;21;2011;ESCUELA COMERCIAL  JUAN B ALBERDI;1;0;RESISTENCIA;2;3;0;1;1;1;0
0;20;2011;E.E.T. Nß 21 GENERAL MANUEL BELGRANO;1;1;BARRANQUERAS;1;1;3;0;1;4;0
0;21;2011;C.E.P. Nß 25 CACICA M. DOMINGA;1;0;RESISTENCIA;0;0;5;1;1;4;0
0;20;2011;E.E.T. Nß 21 GENERAL MANUEL BELGRANO;1;1;RESISTENCIA;1;2;2;0;1;4;0
0;29;2011;E.E.T. INGENIERO ROQUE GUILLERMO CARRANZA;1;1;ITUZAINGO;5;0;0;0;0;0;1
0;32;2011;E.E.T. Nß 2 GRAL JOSE DE SAN MARTIN;1;1;GENERAL JOSE DE SAN MARTIN;0;2;3;1;1;4;0
0;26;2011;E.E.T. Nß 24 - SIMON DE IRIONDO;1;1;RESISTENCIA;5;0;0;0;0;0;1
0;25;2011;E.E.T. Nß 21 GENERAL MANUEL BELGRANO;1;1;RESISTENCIA;1;2;2;2;0;2;0
0;27;2011;E.P.E.S Nß54 GOBERNADOR JUAN JOSE SILVA;1;0;CORRIENTES;5;0;0;0;0;0;1
0;20;2011;E.N.S. Nß 87 ESCUELA NORMAL SARMIENTO;1;0;RESISTENCIA;0;3;2;4;2;0;0
1;24;2011;E.E.T. Nß 16 1ß DE MAYO;1;1;RESISTENCIA;5;0;0;0;0;0;1
0;30;2011;E.E.T. Nß 2 GRAL JOSE DE SAN MARTIN;1;1;BARRANQUERAS;2;1;1;0;0;2;0
0;21;2011;E.N.S. Nß 87 ESCUELA NORMAL SARMIENTO;1;0;RESISTENCIA;0;2;3;4;1;1;0
0;31;2011;C.E.P. Nß 11 - EX-E.N.S. 11 PROFESOR LINO TORRES;1;0;RESISTENCIA;4;1;0;0;1;1;0
0;20;2011;U.E.P. Nß 15 INSTITUTO PRIVADO CHACO;0;0;RESISTENCIA;2;3;0;0;1;2;0
0;45;2011;E.E.T. Nß 1 JUANA MANSO;1;1;RESISTENCIA;2;1;2;0;2;2;0
1;31;2011;E.N.S. Nß 76 GRAL. JOSE MARIA PAZ;1;0;RESISTENCIA;2;3;0;0;0;3;0
0;18;2011;E.E.T.A. Nß 32 - MARTIN L. GUZMAN;1;1;RESISTENCIA;2;2;1;0;1;2;0
0;19;2011;C.E.P. Nß 68;1;0;RESISTENCIA;2;2;1;1;2;0;0
0;20;2011;C.E.P. Nß 68;1;0;BARRANQUERAS;2;2;1;0;1;2;0
0;18;2011;E.N.S. Nß 87 ESCUELA NORMAL SARMIENTO;1;0;FONTANA;1;2;2;0;3;2;0
0;18;2011;E.N.S. Nß 61 ARTURO ILLIA;1;0;RESISTENCIA;4;1;0;1;0;0;1
0;20;2011;U.E.P. Nß 31 SAN ROQUE;0;0;RESISTENCIA;3;2;0;0;0;0;1
1;20;2011;E.E.T. Nß 24 - SIMON DE IRIONDO;1;1;RESISTENCIA;2;2;1;0;1;2;0
0;23;2011;I.S.F.T   U.O.C.R.A - Islas Malvinas;1;1;CORRIENTES;0;0;5;0;0;6;0
0;22;2011;E.E.T. - BRIGADIER GENERAL PEDRO FERRE;1;1;CORRIENTES;0;2;3;0;1;5;0
0;20;2011;U.E.P. Nß 19 DON BOSCO;0;0;RESISTENCIA;4;1;0;1;1;0;0
0;19;2011;C.E.P. Nß 3;1;0;RESISTENCIA;5;0;0;0;0;0;0
0;19;2011;C.E.P. Nß 11 - EX-E.N.S. 11 PROFESOR LINO TORRES;1;0;RESISTENCIA;3;2;0;0;1;1;0
1;26;2011;INST.SAN JOSE;0;0;CORRIENTES;2;1;2;0;0;0;1
1;42;2011;U.E.P. Nß 21 MARIA AUXILIADORA;0;0;RESISTENCIA;2;2;1;1;0;2;0
0;20;2011;C.E.P. Nß 68;1;0;RESISTENCIA;2;3;0;1;0;2;0
0;26;2011;E.E.T. Nß 24 - SIMON DE IRIONDO;1;1;RESISTENCIA;2;0;3;1;0;3;0
0;19;2011;C.E.P. Nß 66 EX - E.COM. Nß. 7 ROBERTO A. MULLER;1;0;RESISTENCIA;5;0;0;0;0;0;1
0;19;2011;C.E.P. Nß 68;1;0;RESISTENCIA;4;1;0;0;0;0;1
1;27;2011;C.E.P. Nß 29 ESTHER M. DE DIAZ;1;0;RESISTENCIA;3;1;1;0;0;2;0
1;20;2011;E.E.T. Nß 24 - SIMON DE IRIONDO;1;1;RESISTENCIA;5;0;0;0;0;0;1
0;24;2011;E.P.E.T. Nß 1 UNESCO;1;1;POSADAS;1;2;2;0;3;2;0
1;32;2011;C.E.P. Nß 11 - EX-E.N.S. 11 PROFESOR LINO TORRES;1;0;RESISTENCIA;5;0;0;0;0;0;1
1;23;2011;E.N.S. Nß 88 Libertador Gral. Sim¢n Bolivar;1;0;RESISTENCIA;5;0;0;0;0;0;1
0;24;2011;E.E.T. Nß 24 - SIMON DE IRIONDO;1;1;RESISTENCIA;1;3;1;2;2;1;0
0;21;2011;C.E.P. Nß 2 PROF. IV?N SAGARDUY;1;0;RESISTENCIA;5;0;0;0;0;0;1
0;17;2011;U.E.P. Nß 54 NUESTRA SE•ORA DE LA MISERICORDIA;0;0;RESISTENCIA;1;2;2;0;2;3;0
0;22;2011;E.P.N.M. Nß 3 ENRIQUE DE IBBA;1;0;NUEVO PUERTO BERMEJO;5;0;0;0;0;0;1
0;25;2011;E.E.T. Nß 21 GENERAL MANUEL BELGRANO;1;1;BARRANQUERAS;1;0;4;0;1;5;0
0;30;2011;E.E.T. Nß 1 JUANA MANSO;1;1;CORRIENTES;4;1;0;0;0;3;0
0;51;2011;E.E.T. Nß 16 1ß DE MAYO;1;1;RESISTENCIA;1;0;4;5;0;0;0
0;24;2011;C.E.P. Nß 65 (Ex Esc. de Comercio Nocturno Nß 6);1;0;RESISTENCIA;0;1;4;3;1;2;0
0;33;2011;E.N.S. Nß 76 GRAL. JOSE MARIA PAZ;1;0;RESISTENCIA;5;0;0;0;0;0;0
0;20;2011;U.E.P. Nß 19 DON BOSCO;0;0;RESISTENCIA;3;2;0;1;0;2;0
0;18;2011;E.N.S. Nß 76 GRAL. JOSE MARIA PAZ;1;0;RESISTENCIA;0;3;2;0;0;6;0
0;20;2011;E.N.S. Nß 76 GRAL. JOSE MARIA PAZ;1;0;RESISTENCIA;5;0;0;0;0;0;1
0;27;2011;C.E.P. Nß 66 EX - E.COM. Nß. 7 ROBERTO A. MULLER;1;0;RESISTENCIA;1;2;2;1;2;2;0
0;29;2011;ESCUELA COMERCIAL  JUAN B ALBERDI;1;0;RESISTENCIA;4;1;0;0;0;0;1
0;24;2011;C.E.P. Nß 60 Rep£blica de Honduras;1;0;RESISTENCIA;5;0;0;1;0;0;0
0;23;2011;E.N.S. Nß 45 HEROES DEL ATLANTICO SUR;1;0;RESISTENCIA;0;5;0;0;3;3;0
0;21;2011;C.E.P. Nß 24 (V A);1;0;VILLA ANGELA;1;3;1;2;0;2;0
0;17;2011;E.N.S. Nß 76 GRAL. JOSE MARIA PAZ;1;0;RESISTENCIA;5;0;0;0;0;0;1
0;18;2011;U.E.P. Nß 9 LO SE TODO;0;0;RESISTENCIA;5;0;0;0;0;0;1
0;20;2011;C.E.P. Nß 10 Brigadier Gral. Juan Manuel De Rosas;1;0;RESISTENCIA;5;0;0;1;0;0;0
0;22;2011;U.E.P. Nß 42 INSTITUTO ADVENTISTA DE RESISTENCIA;0;0;RESISTENCIA;0;3;2;0;2;4;0
0;18;2011;C.E.P. Nß 24 (V A);1;0;VILLA ANGELA;0;2;3;1;2;3;0
0;21;2012;E.E.T. Nß 23 - GREGORIA MATORRAS DE SAN MARTIN;1;1;RESISTENCIA;1;3;1;4;0;2;0
0;19;2012;E.P.E.T. Nß 4 El Colorado;1;1;EL COLORADO;2;1;2;1;1;2;0
0;26;2012;C.E.P. Nß 28 (EX-E.N.S. 41 GENERAL LORENZO WINTER);1;0;FONTANA;2;2;1;2;1;1;0
0;20;2012;E.E.T. - BRIGADIER GENERAL PEDRO FERRE;1;1;RESISTENCIA;2;1;2;2;0;4;0
0;21;2012;ESCUELA COMERCIAL  JUAN B ALBERDI;1;0;RESISTENCIA;5;0;0;0;0;0;0
0;20;2012;U.E.P. Nß 53 DOLORES AGUEDA GOMEZ DE TUCKEY;0;0;GENERAL JOSE DE SAN MARTIN;0;2;2;2;1;2;0
0;24;2012;Escuela Normal Prof. Victor Mercante;1;0;SANTO TOME;5;0;0;0;0;0;1
0;23;2012;C.E.P. Nß 24 (V A);1;0;VILLA ANGELA;2;1;1;3;0;0;0
1;24;2012;E.N.S. Nß 57 PABLO RICHIERI;1;0;RESISTENCIA;4;0;1;0;0;2;0
0;19;2012;C.E.P. Nß 67 EX - E.COM. Nß 8 GRAL. MANUEL OBLIGADO;1;0;RESISTENCIA;0;4;1;2;2;2;0
0;19;2012;COLEGIO SAN CARLOS;1;0;RESISTENCIA;4;1;0;0;0;0;0
1;24;2012;E.N.S. Nß 45 HEROES DEL ATLANTICO SUR;1;0;RESISTENCIA;5;0;0;0;0;0;1
1;26;2012;C.E.P. Nß 67 EX - E.COM. Nß 8 GRAL. MANUEL OBLIGADO;1;0;RESISTENCIA;1;1;3;1;2;2;0
0;25;2012;E.N.S. Nß 2 ESTEBAN ECHEVERRIA;1;0;RESISTENCIA;1;2;2;1;1;4;0
0;21;2012;C.E.P. Nß 32 - EX-E.N.S. 56 DOMINGO MATHEU;1;0;RESISTENCIA;5;0;0;0;0;0;1
0;27;2012;E.E.T. Nß 24 - SIMON DE IRIONDO;1;1;RESISTENCIA;5;0;0;0;0;0;1
1;28;2012;U.E.P. Nß 31 SAN ROQUE;0;0;RESISTENCIA;5;0;0;0;0;0;1
0;17;2012;Escuela Carmen Molina del Llano - Anexo San Vicente de Paul;1;0;CORRIENTES;5;0;0;0;0;0;1
0;40;2012;E.N.S. Nß 76 GRAL. JOSE MARIA PAZ;1;0;RESISTENCIA;0;2;3;0;1;5;0
0;22;2012;E.N.S. Nß 40 Explorador Ram¢n Lista;1;0;RESISTENCIA;1;1;3;0;3;3;0
1;19;2012;C.E.P. Nß 93;1;0;RESISTENCIA;3;1;1;1;2;1;0
0;21;2012;E.E.T. Nß 24 - SIMON DE IRIONDO;1;1;RESISTENCIA;3;1;1;1;1;1;0
0;22;2012;E.T.E.C Nß 1 - Ing. Juan Jose Gomes Araujo;1;1;RESISTENCIA;4;1;0;2;0;0;1
0;18;2012;U.E.P. Nß 19 DON BOSCO;0;0;RESISTENCIA;3;1;1;1;0;2;0
0;18;2012;E.P.N.M.P Nß20 Villa Escolar;1;0;GENERAL MANSILLA;0;1;3;0;3;2;0
1;24;2012;E.N.S. Nß 87 ESCUELA NORMAL SARMIENTO;1;0;RESISTENCIA;5;0;0;0;0;0;0
0;26;2012;E.N.S. Nß 60 GENERAL ANGEL VICENTE PE•ALOZA;1;0;RESISTENCIA;0;1;4;0;1;5;0
0;27;2012;E.E.T. Nß 24 - SIMON DE IRIONDO;1;1;RESISTENCIA;2;3;0;4;0;0;0
0;23;2012;C.E.P. Nß 76 San JosÇ de Calasanz;1;0;LA LEONESA;4;1;0;0;0;0;1
0;19;2012;U.E.P. Nß 19 DON BOSCO;0;0;RESISTENCIA;5;0;0;0;0;0;1
0;23;2012;C.E.P. Nß 27;1;0;AVIA TERAI;5;0;0;0;0;0;1
0;18;2012;U.E.P. Nß 54 NUESTRA SE•ORA DE LA MISERICORDIA;0;0;PRESIDENCIA ROQUE SAENZ PE•A;1;4;0;0;1;2;0
0;38;2012;E.N.S. Nß 45 HEROES DEL ATLANTICO SUR;1;0;RESISTENCIA;4;1;0;0;0;0;1
0;19;2012;E.P.E.T. Nß 4 El Colorado;1;1;EL COLORADO;0;2;3;0;2;4;0
0;33;2012;E.E.M.P.I. Nß 8125 - JOSE MANUAL ESTRADA;1;0;CORRIENTES;2;0;0;0;0;0;1
1;21;2012;E.N.S. Nß 76 GRAL. JOSE MARIA PAZ;1;0;RESISTENCIA;0;1;4;0;1;5;1
0;27;2012;E.N.M. Nß 18 LIBERTADOR GRAL SAN MARTIN;1;0;RESISTENCIA;5;0;0;0;0;0;1
0;22;2012;ESCUELA COMERCIAL  JUAN B ALBERDI;1;0;RESISTENCIA;5;0;0;1;0;0;1
0;23;2012;C.E.P. Nß 67 EX - E.COM. Nß 8 GRAL. MANUEL OBLIGADO;1;0;RESISTENCIA;0;1;4;0;1;5;0
0;21;2012;U.E.P. Nß 9 LO SE TODO;0;0;RESISTENCIA;5;0;0;0;0;0;1
0;22;2012;E.N.S. Nß 87 ESCUELA NORMAL SARMIENTO;1;0;BARRANQUERAS;5;0;0;0;0;0;1
0;35;2012;E.E.T. Nß 21 GENERAL MANUEL BELGRANO;1;1;GENERAL JOSE DE SAN MARTIN;0;4;1;1;2;3;0
0;21;2012;ESCUELA COMERCIAL  JUAN B ALBERDI;1;0;RESISTENCIA;2;2;1;0;2;2;0
0;20;2012;C.E.P. Nß 5 Domingo F. Sarmiento;1;0;SAN JAVIER;2;2;1;0;2;2;0
0;20;2012;U.E.P. Nß 19 DON BOSCO;0;0;RESISTENCIA;1;1;3;2;0;3;0
0;27;2012;E.E.T. Nß 24 - SIMON DE IRIONDO;1;1;RESISTENCIA;0;0;1;0;2;2;0
0;22;2012;C.E.P. Nß 33 - EX-E.N.S. 59JUAN F. QUIROGA;1;0;RESISTENCIA;5;0;0;0;0;0;1
0;20;2012;E.E.T. Nß 24 - SIMON DE IRIONDO;1;1;RESISTENCIA;3;1;1;3;0;0;0
0;21;2012;ESCUELA COMERCIAL  JUAN B ALBERDI;1;0;RESISTENCIA;5;0;0;0;0;0;1
0;21;2012;COLEGIO SECUNDARIO GRAL. SAN MART?N;1;0;CORRIENTES;5;0;0;0;0;0;1
0;37;2012;C.E.P. Nß 33 - EX-E.N.S. 59JUAN F. QUIROGA;1;0;RESISTENCIA;0;2;3;0;2;4;0
0;35;2012;E.N.S. Nß 76 GRAL. JOSE MARIA PAZ;1;0;RESISTENCIA;5;0;0;0;0;0;1
0;21;2012;ESCUELA NORMAL DR. JUAN PUJOL;1;0;CORRIENTES;4;1;0;1;0;0;0
0;22;2012;E.N.S. Nß 76 GRAL. JOSE MARIA PAZ;1;0;BARRANQUERAS;2;1;1;0;0;2;0
0;19;2012;E.N.S. Nß 75 JULIO CORTAZAR;1;0;RESISTENCIA;4;1;0;1;0;1;0
0;21;2012;Escuela de Educaci¢n TÇcnica Nß 669;1;1;RESISTENCIA;0;4;1;0;3;3;0
0;19;2012;E.N.S. Nß 87 ESCUELA NORMAL SARMIENTO;1;0;RESISTENCIA;1;1;3;1;2;3;0
1;28;2012;INSTITUTO SAN JOSE Nß 12;1;0;RESISTENCIA;5;0;0;0;0;0;0
1;25;2012;C.E.P. Nß 33 - EX-E.N.S. 59JUAN F. QUIROGA;1;0;RESISTENCIA;5;0;0;0;0;0;1
0;63;2013;INSTITUTO EDUCACIONAL FATIMA DIPREGEP Nß 4669;0;0;BARRANQUERAS;5;0;0;0;0;0;1
0;27;2013;INSTITUTO TECNICO SAN JOSE;0;1;CLORINDA;2;2;1;1;0;2;0
1;21;2013;C.E.P. Nß 66 EX - E.COM. Nß. 7 ROBERTO A. MULLER;1;0;RESISTENCIA;4;0;1;0;1;1;0
1;20;2013;C.E.P. Nß 32 - EX-E.N.S. 56 DOMINGO MATHEU;1;0;RESISTENCIA;5;0;0;0;0;0;0
0;18;2013;U.E.P. Nß 26 SAN JOSE OBRERO;0;0;RESISTENCIA;5;0;0;0;0;0;1
0;19;2013;C.E.P. Nß 35 (EX-E.N.S. 69);1;0;RESISTENCIA;5;0;0;0;0;1;0
0;28;2013;E.N.S. Nß 75 JULIO CORTAZAR;1;0;RESISTENCIA;3;2;0;3;0;0;1
0;21;2013;ESCUELA COMERCIAL  JUAN B ALBERDI;1;0;RESISTENCIA;5;0;0;0;0;0;1
0;22;2013;E.N.S. Nß 61 ARTURO ILLIA;1;0;BARRANQUERAS;1;3;1;3;0;2;0
0;26;2013;U.E.P. Nß 57 FRAY MAMERTO ESQUIU;0;0;RESISTENCIA;5;0;0;0;0;0;1
1;19;2013;E.N.S. Nß 73 AUGUSTO G. SCHULZ;1;0;RESISTENCIA;3;2;0;1;0;1;0
0;20;2013;C.E.P. Nß 33 - EX-E.N.S. 59JUAN F. QUIROGA;1;0;RESISTENCIA;5;0;0;0;0;0;1
0;18;2011;U.E.P. Nß 61 EBEN EZER;0;0;RESISTENCIA;0;0;1;0;0;2;0
0;31;2013;B.L.A. Nß 1 JUANA DE IBARBOUROU;1;0;RESISTENCIA;2;1;0;2;0;1;0
0;21;2013;C.E.P. Nß 5 Domingo F. Sarmiento;1;0;RESISTENCIA;5;0;0;0;0;0;1
0;28;2013;E.E.T. Nß 2 GRAL JOSE DE SAN MARTIN;1;1;BARRANQUERAS;1;2;1;1;0;2;0
0;20;2013;U.E.P. Nß 48 LUIS FEDERICO LELOIR;0;0;RESISTENCIA;3;1;1;2;0;0;0
0;21;2013;C.E.P. Nß 67 EX - E.COM. Nß 8 GRAL. MANUEL OBLIGADO;1;0;RESISTENCIA;0;0;3;0;1;5;0
0;20;2013;ESCUELA COMERCIAL  JUAN B ALBERDI;1;0;RESISTENCIA;0;1;4;0;0;4;0
0;41;2013;E.N.S. Nß 76 GRAL. JOSE MARIA PAZ;1;0;BARRANQUERAS;0;0;5;0;2;3;0
0;28;2013;U.E.P. Nß 48 LUIS FEDERICO LELOIR;0;0;RESISTENCIA;5;0;0;0;0;0;1
0;25;2013;E.E.T. Nß 2 GRAL JOSE DE SAN MARTIN;1;1;BARRANQUERAS;4;0;1;1;0;1;1
0;24;2013;C.E.P. Nß 5 Domingo F. Sarmiento;1;0;RESISTENCIA;5;0;0;0;0;0;1
0;18;2013;C.E.P. Nß 4;1;0;RESISTENCIA;3;2;0;2;0;0;1
1;21;2013;U.E.P. Nß 18 NUESTRA SE•ORA DE ITATI;0;0;RESISTENCIA;2;2;1;2;1;0;0
1;30;2013;C.E.P. Nß 77 EX - E.N.S. 26 GENERAL MANUEL N. SAVIO;1;0;PUERTO TIROL - COLONIA BENITEZ - MARGARITA BELEN;4;0;0;0;0;0;1
0;22;2013;E.E.T. Nß 23 - GREGORIA MATORRAS DE SAN MARTIN;1;1;RESISTENCIA;0;2;3;0;3;3;0
0;18;2013;U.E.P. Nß 22 NUESTRA SE•ORA DE FATIMA;0;0;RESISTENCIA;4;1;0;0;0;0;1
1;20;2013;U.E.P. Nß 18 NUESTRA SE•ORA DE ITATI;0;0;RESISTENCIA;5;0;0;0;0;0;1
0;19;2013;B.L.A. Nß 4 PUERTO BARRANQUERAS;1;0;RESISTENCIA;5;0;0;0;0;0;1
0;28;2013;C.E.P. Nß 15 (ex-E.N.S. 18 JosÇ Hernandez);1;0;BARRANQUERAS;5;0;0;0;0;0;0
1;27;2013;IS Nuestra Sra. de la Misericordia I-29;0;0;CORRIENTES;5;0;0;0;0;0;0
0;23;2013;INSTITUTO DE ENSE•ANZA PRIVADA YAPEYU;0;0;CORRIENTES;2;0;3;0;1;3;0
0;22;2013;COLEGIO INFORMATICO SAN JUAN DE VERA;0;0;CORRIENTES;2;0;3;0;2;3;0
0;21;2013;U.E.P. Nß 28 FELIX FRIAS;0;0;VILLA ANGELA;3;2;0;1;0;0;0
0;19;2013;IS Nuestra Sra. de la Misericordia I-29;0;0;CORRIENTES;0;2;3;3;1;2;0
0;20;2013;E.E.S. Nß 68 ANEXO B.L.A.;1;0;BARRANQUERAS;2;3;0;3;0;1;0
0;28;2013;C.E.P. Nß 11 - EX-E.N.S. 11 PROFESOR LINO TORRES;1;0;RESISTENCIA;3;2;0;0;1;1;0
0;32;2013;U.E.P. Nß 16 JOSE MANUEL ESTRADA;0;0;RESISTENCIA;2;3;0;1;0;2;0
0;19;2013;U.E.P. Nß 19 DON BOSCO;0;0;RESISTENCIA;3;2;0;0;2;1;0
0;18;2013;C.E.P. Nß 32 - EX-E.N.S. 56 DOMINGO MATHEU;1;0;RESISTENCIA;4;1;0;2;0;0;1
0;20;2013;U.E.P. Nß 9 LO SE TODO;0;0;RESISTENCIA;3;1;1;2;0;0;1
0;24;2013;U.E.P. Nß 19 DON BOSCO;0;0;RESISTENCIA;3;0;2;0;1;2;0
0;20;2013;E.E.T. Nß 24 - SIMON DE IRIONDO;1;1;RESISTENCIA;1;4;0;2;1;2;0
1;27;2013;E.N.S. Nß 76 GRAL. JOSE MARIA PAZ;1;0;RESISTENCIA;4;1;0;0;1;1;0
1;26;2013;E.P.N.M. Nß 2  Batalla de Maipu;1;0;RESISTENCIA;5;0;0;0;0;0;0
1;24;2013;C.E.P. Nß 11 - EX-E.N.S. 11 PROFESOR LINO TORRES;1;0;RESISTENCIA;3;1;1;0;1;1;0
1;46;2013;C.E.P. Nß 72 EX-ESC.COM. Nß 1, ALMIRANTE BROWN;1;0;RESISTENCIA;5;0;0;0;0;0;1
0;32;2013;E.E.T. Nß 2 GRAL JOSE DE SAN MARTIN;1;1;BARRANQUERAS;0;1;4;0;1;5;0
0;17;2013;C.E.P. Nß 28 (EX-E.N.S. 41 GENERAL LORENZO WINTER);1;0;RESISTENCIA;5;0;0;0;0;0;1
0;17;2013;E.N.S. Nß 76 GRAL. JOSE MARIA PAZ;1;0;RESISTENCIA;0;3;2;2;1;3;0
0;21;2013;E.N.S. Nß 73 AUGUSTO G. SCHULZ;1;0;RESISTENCIA;5;0;0;0;0;0;1
0;20;2013;C.E.P. Nß 66 EX - E.COM. Nß. 7 ROBERTO A. MULLER;1;0;RESISTENCIA;3;1;1;0;0;2;0
1;27;2013;Colegio Nacional Dr. Ignacio A.Pane;1;0;RESISTENCIA;5;0;0;0;0;0;1
0;33;2013;Gral Mariscal de Ayacucho- C.E.P. Nß 601;1;0;PUERTO TIROL - COLONIA BENITEZ - MARGARITA BELEN;4;1;0;0;0;0;0
0;21;2013;E.N.S. Nß 87 ESCUELA NORMAL SARMIENTO;1;0;RESISTENCIA;5;0;0;0;0;0;1
0;19;2013;E.E.T.A. Nß 32 - MARTIN L. GUZMAN;1;1;RESISTENCIA;2;3;0;0;1;2;0
0;20;2013;E.E.T. Nß 21 GENERAL MANUEL BELGRANO;1;1;RESISTENCIA;2;1;2;1;1;1;0
0;19;2013;C.E.P. Nß 17 - EX-E.N.S. 22 FELIPE VARELA;1;0;PUERTO TIROL - COLONIA BENITEZ - MARGARITA BELEN;5;0;0;0;0;0;1
0;23;2013;INSTITUTO DE ENSE•ANZA PRIVADA YAPEYU;0;0;CORRIENTES;1;1;3;3;0;2;0
1;31;2013;U.E.P. Nß 1 INSTITUTO EDUCATIVO PRIVADO;0;0;RESISTENCIA;1;1;2;1;0;2;0
0;18;2013;C.E.P. Nß 3;1;0;RESISTENCIA;5;0;0;0;0;0;1
0;21;2013;E.E.T. Nß 1 Dr. J. E. Mart°nez;1;1;RESISTENCIA;5;0;0;0;0;0;1
0;24;2013;E.E.T. Nß 24 - SIMON DE IRIONDO;1;1;RESISTENCIA;2;1;1;1;1;0;1
0;23;2013;E.E.T. Nß 24 - SIMON DE IRIONDO;1;1;RESISTENCIA;4;0;1;2;0;0;1
0;20;2013;ESCUELA COMERCIAL  JUAN B ALBERDI;1;0;RESISTENCIA;5;0;0;0;0;0;1
0;20;2013;U.E.P. Nß 6 DR ARISTIDES OMAS GINESTA;0;0;BARRANQUERAS;5;0;0;0;0;0;1
0;22;2013;B.L.A. Nß 12 Bachillerato  Libre para Adultos;1;0;RESISTENCIA;4;1;0;0;0;0;0
0;22;2013;INSTITUTO ESBA FLORES;0;0;RESISTENCIA;5;0;0;0;0;0;1
0;19;2013;C.E.P. Nß 17 - EX-E.N.S. 22 FELIPE VARELA;1;0;PUERTO TIROL - COLONIA BENITEZ - MARGARITA BELEN;4;1;0;0;1;1;0
0;19;2013;E.N.S. Nß 73 AUGUSTO G. SCHULZ;1;0;RESISTENCIA;4;1;0;0;0;1;0
0;32;2013;E.P.E.T. Nß 1  DE FORMOSA;1;1;RESISTENCIA;5;0;0;0;0;0;1
0;21;2013;C.E.P. Nß 27;1;0;RESISTENCIA;2;2;1;1;1;1;0
0;35;2013;C.E.P. Nß 65 (Ex Esc. de Comercio Nocturno Nß 6 );1;0;CORRIENTES;3;0;2;2;0;0;0
0;30;2013;CE.N.S. Nß 451;1;0;RESISTENCIA;5;0;0;0;0;0;1
0;31;2013;C.E.P. Nß 67 EX - E.COM. Nß 8 GRAL. MANUEL OBLIGADO;1;0;RESISTENCIA;5;0;0;0;0;0;1
1;17;2013;C.E.P. Nß 32 - EX-E.N.S. 56 DOMINGO MATHEU;1;0;RESISTENCIA;3;2;0;2;0;0;0
0;21;2013;C.E.P. Nß 93;1;0;RESISTENCIA;5;0;0;0;0;0;1
0;39;2013;E.N.S. Nß 7 Juan S. Mac Lean;1;0;RESISTENCIA;5;0;0;0;0;0;1
0;19;2013;U.E.P. Nß 15 INSTITUTO PRIVADO CHACO;0;0;RESISTENCIA;5;0;0;0;0;0;1
0;18;2013;Escuela Tecnica de Gob Virasoro;1;1;BARRANQUERAS;3;2;0;2;0;0;1
0;19;2013;E.E.T. Nß 24 - SIMON DE IRIONDO;1;1;RESISTENCIA;3;2;0;1;0;1;0
0;19;2013;E.N.S. Nß 76 GRAL. JOSE MARIA PAZ;1;0;RESISTENCIA;3;2;0;1;2;0;0
0;21;2013;E.N.S. Nß 76 GRAL. JOSE MARIA PAZ;1;0;BARRANQUERAS;2;3;0;0;1;2;0
0;24;2013;E.E.M.P.I. 8113 - Instituto Reconquista;1;0;RESISTENCIA;5;0;0;0;0;0;1
0;20;2013;CENTRO CULTURAL CORRENTINO IS 26;0;0;RESISTENCIA;5;0;0;0;0;0;1
0;33;2013;C.E.P. Nß 68;1;0;RESISTENCIA;5;0;0;0;0;0;1
0;19;2013;CENTRO CULTURAL CORRENTINO IS 26;0;0;RESISTENCIA;5;0;0;0;0;0;0
0;26;2013;E.E.T. Nß 24 - SIMON DE IRIONDO;1;1;RESISTENCIA;5;0;0;0;0;0;0
0;17;2013;C.E.P. Nß 11 - EX-E.N.S. 11 PROFESOR LINO TORRES;1;0;RESISTENCIA;5;0;0;0;0;0;1
1;43;2013;C.E.P. Nß 17 - EX-E.N.S. 22 FELIPE VARELA;1;0;PUERTO TIROL - COLONIA BENITEZ - MARGARITA BELEN;5;0;0;0;0;0;0
0;24;2013;E.N.S. Nß 87 ESCUELA NORMAL SARMIENTO;1;0;RESISTENCIA;1;1;3;0;1;4;0
0;24;2013;E.G.B Nß 3 Polimodal I.S. 15;1;0;CORRIENTES;5;0;0;0;0;0;1
0;37;2013;C.E.P. Nß 67 EX - E.COM. Nß 8 GRAL. MANUEL OBLIGADO;1;0;RESISTENCIA;5;0;0;0;0;0;1
0;28;2013;C.E.P. Nß 13 Las Palmas;1;0;LAS PALMAS;5;0;0;0;0;0;1
0;22;2013;ESCUELA COMERCIAL  JUAN B ALBERDI;1;0;RESISTENCIA;4;0;0;0;0;0;1
0;21;2013;C.E.P. Nß 3;1;0;RESISTENCIA;5;0;0;0;0;0;1
0;45;2013;C.E.P. Nß 33 - EX-E.N.S. 59JUAN F. QUIROGA;1;0;RESISTENCIA;1;3;1;2;2;1;0
0;20;2013;C.E.P. Nß 61 DR. CARLOS BARBERAN Ex E.N.S. 79;1;0;RESISTENCIA;5;0;0;0;0;0;1
0;24;2013;C.E.P. Nß 11 - EX-E.N.S. 11 PROFESOR LINO TORRES;1;0;RESISTENCIA;5;0;0;0;0;0;0
0;30;2013;E.N.S. Nß 76 GRAL. JOSE MARIA PAZ;1;0;RESISTENCIA;5;0;0;0;0;0;1
0;24;2013;E.N.S. Nß 88 Libertador Gral. Sim¢n Bolivar;1;0;RESISTENCIA;5;0;0;0;0;0;1
0;18;2013;C.E.P. Nß 25 CACICA M. DOMINGA;1;0;RESISTENCIA;5;0;0;0;0;0;1
0;50;2013;E. C. N.  Nß 4 FRAY MAMERTO ESQUIU;1;0;RESISTENCIA;5;0;0;0;0;1;0
0;22;2013;C.E.P. Nß 35 (EX-E.N.S. 69);1;0;BARRANQUERAS;3;1;1;2;0;0;0
0;20;2013;B.L.A. Nß 4 PUERTO BARRANQUERAS;1;0;BARRANQUERAS;5;0;0;0;0;0;0
0;28;2013;U.E.P. Nß 6 DR ARISTIDES OMAS GINESTA;0;0;BARRANQUERAS;2;3;0;0;1;1;0
0;32;2013;B.L.A. Nß 4 PUERTO BARRANQUERAS;1;0;BARRANQUERAS;4;1;0;0;0;0;1
0;22;2013;E.E.T. Nß 16 1ß DE MAYO;1;1;RESISTENCIA;4;1;0;2;0;0;0
0;24;2013;E.P.E.T. Nß 2 DE FORMOSA;1;1;RESISTENCIA;5;0;0;0;0;0;1
0;28;2013;ESCUELA DE COMERCIO  JOSE G. ARTIGAS;1;0;RESISTENCIA;0;2;0;3;0;1;0
0;21;2013;CENTRO CULTURAL CORRENTINO IS 26;0;0;PUERTO TIROL - COLONIA BENITEZ - MARGARITA BELEN;5;0;0;0;0;0;1
0;22;2013;C.E.P. Nß 32 - EX-E.N.S. 56 DOMINGO MATHEU;1;0;RESISTENCIA;5;0;0;0;0;0;0
0;31;2013;B.L.A. Nß 1 JUANA DE IBARBOUROU;1;0;RESISTENCIA;5;0;0;0;0;0;1
0;24;2013;E.N.S. Nß 31 JosÇ Gervacio Artigas;1;0;RESISTENCIA;5;0;0;0;0;0;1
0;27;2013;C.E.P. Nß 20  ISLAS MALVINAS;1;0;RESISTENCIA;4;0;1;0;0;0;1
0;17;2013;C.E.P. Nß 92;1;0;FONTANA;5;0;0;0;0;0;1
0;20;2013;U.E.P. Nß 53 DOLORES AGUEDA GOMEZ DE TUCKEY;0;0;RESISTENCIA;1;4;0;2;0;2;0
0;37;2013;B.L.A. Nß 1 JUANA DE IBARBOUROU;1;0;RESISTENCIA;3;2;0;2;0;1;0
0;54;2013;C.E.P. Nß 72 EX-ESC.COM. Nß 1, ALMIRANTE BROWN;1;0;RESISTENCIA;5;0;0;0;0;0;1
0;34;2013;E.N.S. Nß 88 Libertador Gral. Sim¢n Bolivar;1;0;RESISTENCIA;5;0;0;0;0;0;1
0;20;2013;Escuela de Ense§anza Media para Adultos Nß 1022;1;0;RESISTENCIA;5;0;0;0;0;0;1
0;29;2013;E.N.S. Nß 60 GENERAL ANGEL VICENTE PE•ALOZA;1;0;RESISTENCIA;5;0;0;0;0;0;1
0;22;2013;E.N.S. Nß 60 GENERAL ANGEL VICENTE PE•ALOZA;1;0;RESISTENCIA;5;0;0;0;0;0;1
1;31;2013;U.E.P. Nß 18 NUESTRA SE•ORA DE ITATI;0;0;RESISTENCIA;3;2;0;2;0;0;0
0;46;2013;E.N.S. Nß 85 Eva Duarte;1;0;RESISTENCIA;5;0;0;0;0;0;1
0;22;2013;E.E.T. Nß 18 Prof. Marta M. Touceda;1;1;RESISTENCIA;4;1;0;2;0;0;1
0;21;2013;E.E.T. Nß 21 GENERAL MANUEL BELGRANO;1;1;RESISTENCIA;5;0;0;0;0;0;1
0;33;2013;E.N.S. Nß 87 ESCUELA NORMAL SARMIENTO;1;0;RESISTENCIA;1;4;0;2;1;2;0
0;42;2013;C.E.P. Nß 11 - EX-E.N.S. 11 PROFESOR LINO TORRES;1;0;RESISTENCIA;4;1;0;2;0;0;0
1;39;2013;E.N.S. Nß 87 ESCUELA NORMAL SARMIENTO;1;0;RESISTENCIA;5;0;0;0;0;0;1
0;17;2013;U.E.P. Nß 56 CARLOS B. ENRIQUEZ;0;0;FONTANA;4;1;0;1;0;0;0
1;34;2013;E.N.S. Nß 61 ARTURO ILLIA;1;0;BARRANQUERAS;3;0;0;0;0;0;1
1;25;2013;C.E.P. Nß 45 Esteban Echeverr°a;1;0;GENERAL JOSE DE SAN MARTIN;2;3;0;0;1;4;0
0;21;2013;C.E.P. Nß 95;1;0;RESISTENCIA;5;0;0;0;0;0;1
1;19;2013;E.E.T. Nß 1 JUANA MANSO;1;1;CORRIENTES;2;3;0;1;0;2;0
0;24;2013;E.E.T. INGENIERO ROQUE GUILLERMO CARRANZA;1;1;ITUZAINGO;0;0;1;4;0;0;1
0;20;2013;E.P.E.T. Nß 1  DE FORMOSA;1;1;RESISTENCIA;5;0;0;0;0;0;1
0;18;2013;U.E.P. Nß 19 DON BOSCO;0;0;RESISTENCIA;3;2;0;1;0;1;0
0;17;2013;C.E.P. Nß 66 EX - E.COM. Nß. 7 ROBERTO A. MULLER;1;0;RESISTENCIA;5;0;0;0;0;0;1
0;19;2013;C.E.P. Nß 11 - EX-E.N.S. 11 PROFESOR LINO TORRES;1;0;RESISTENCIA;5;0;0;0;0;0;1
1;19;2013;C.E.P. Nß 4;0;0;RESISTENCIA;3;2;0;2;0;0;0
0;17;2013;E.N.S. Nß 76 GRAL. JOSE MARIA PAZ;1;0;RESISTENCIA;4;1;0;0;1;1;1
0;18;2013;E.N.S. Nß 76 GRAL. JOSE MARIA PAZ;1;0;RESISTENCIA;3;1;1;2;0;0;1
0;17;2013;E.N.S. Nß 32;1;0;RESISTENCIA;5;0;0;0;0;0;0
0;17;2013;E.N.S. Nß 87 ESCUELA NORMAL SARMIENTO;1;0;RESISTENCIA;1;3;1;2;1;2;0
0;26;2014;E.E.T. Nß 1 Dr. J. E. Mart°nez;1;1;RESISTENCIA;2;1;2;0;1;4;0
0;32;2014;C.E.P. Nß 67 EX - E.COM. Nß 8 GRAL. MANUEL OBLIGADO;1;0;RESISTENCIA;5;0;0;0;0;0;1
0;27;2014;INST.SANTA CATALINA LOBOURê;0;0;RESISTENCIA;3;0;2;1;1;2;0
0;24;2014;B.L.A. Nß 10 Bachillerato  Libre para Adultos - La Escondida;1;0;RESISTENCIA;5;0;0;0;0;0;1
0;25;2014;C.E.P. Nß 15 (ex-E.N.S. 18 JosÇ Hernandez);1;0;RESISTENCIA;3;1;1;0;1;1;0
0;21;2014;E.N.S. Nß 76 GRAL. JOSE MARIA PAZ;1;0;RESISTENCIA;1;2;2;4;0;0;0
1;37;2014;B.L.A. Nß 10 Bachillerato  Libre para Adultos - La Escondida;1;0;PUERTO VILELAS;5;0;0;0;0;0;1
0;33;2014;Colegio Secundario Manuel Vicente Figuerero;1;0;CORRIENTES;4;1;0;2;0;0;1
0;24;2014;C.E.P. Nß 11 - EX-E.N.S. 11 PROFESOR LINO TORRES;1;0;RESISTENCIA;5;0;0;0;0;0;1
0;28;2014;E.N.S. Nß 45 HEROES DEL ATLANTICO SUR;1;0;RESISTENCIA;2;1;2;0;0;0;1
0;37;2014;C.E.P. Nß 66 EX - E.COM. Nß. 7 ROBERTO A. MULLER;1;0;RESISTENCIA;4;1;0;0;0;0;0
0;27;2014;ESCUELA NORMAL JOSE MANUEL ESTRADA;1;0;CORRIENTES;4;1;0;4;0;0;1
0;43;2014;ESCUELA COMERCIAL JORE NEWBERY;1;0;RESISTENCIA;4;0;1;1;0;1;0
0;18;2014;C.E.P. Nß 13 Las Palmas;1;0;RESISTENCIA;5;0;0;0;0;0;1
0;19;2014;E.E.M. Nß 267 - TENIENTE DANIEL JUKIC;1;0;RESISTENCIA;5;0;0;0;0;0;1
0;25;2014;B.L.A. Nß 4 PUERTO BARRANQUERAS;1;0;BARRANQUERAS;4;1;0;0;0;0;0
0;17;2014;C.E.P. Nß 15 (ex-E.N.S. 18 JosÇ Hernandez);1;0;BARRANQUERAS;5;0;0;0;0;0;1
0;23;2014;C.E.P. Nß 66 EX - E.COM. Nß. 7 ROBERTO A. MULLER;1;0;RESISTENCIA;5;0;0;0;0;0;1
0;30;2014;E.E.T. Nß 22 TTE.BENJAMIN MATIENZO;1;1;BARRANQUERAS;3;2;0;2;0;0;0
0;24;2014;Instituto Monse§or Ramon Roubineau I-32;0;0;CORRIENTES;5;0;0;0;0;0;0
0;42;2014;E. T. Nß 2 - BERNARDINO RIVADAVIA;1;1;CORRIENTES;2;3;0;1;1;1;0
0;18;2014;C.E.P. Nß 11 - EX-E.N.S. 11 PROFESOR LINO TORRES;1;0;RESISTENCIA;5;0;0;0;0;0;1
0;41;2014;E.E.T. Nß 21 GENERAL MANUEL BELGRANO;1;1;RESISTENCIA;4;1;0;0;0;0;1
0;30;2014;E.N.S. Nß 76 GRAL. JOSE MARIA PAZ;1;0;RESISTENCIA;4;0;1;3;0;1;0
0;39;2014;E.N.S. Nß 45 HEROES DEL ATLANTICO SUR;1;0;RESISTENCIA;5;0;0;0;0;0;1
0;21;2014;E.E.T. Nß 33;1;1;BARRANQUERAS;5;0;0;0;0;0;1
0;22;2014;E.E.T. Nß 24 - SIMON DE IRIONDO;1;1;RESISTENCIA;4;1;0;1;0;0;0
1;21;2014;E.E.T. Nß 24 - SIMON DE IRIONDO;1;1;RESISTENCIA;5;0;0;0;0;0;0
0;32;2014;CENTRO CULTURAL CORRENTINO IS 26;0;0;CORRIENTES;5;0;0;0;0;0;1
0;31;2014;E.E.T. Nß 21 GENERAL MANUEL BELGRANO;1;1;RESISTENCIA;5;0;0;0;0;0;1
0;24;2014;E.P.E.S. Nß 27 RAUL SCALABRINI ORTIZ - FORMOSA;1;0;FORMOSA;0;2;3;3;2;1;0
0;17;2014;Instituto Privado Saint Mart°n IS-41;0;0;CORRIENTES;5;0;0;1;0;0;0
0;19;2014;C.E.P. Nß 35 (EX-E.N.S. 69);1;0;RESISTENCIA;5;0;0;0;0;0;1
1;26;2014;E.E.T. Nß 21 GENERAL MANUEL BELGRANO;1;1;RESISTENCIA;5;0;0;0;0;0;1
0;26;2014;E.N.S. DR. FERNANDO PIRAGINE NIVEIRO;1;0;FORMOSA;5;0;0;0;0;0;1
0;23;2014;C.E.P. Nß 21 Gob. Jose Conrado Castells;1;0;RESISTENCIA;5;0;0;0;0;0;1
0;27;2014;E.E.T. Nß 22 TTE.BENJAMIN MATIENZO;1;1;CORRIENTES;2;3;0;3;1;0;0
0;27;2014;U.E.P. Nß 19 DON BOSCO;0;0;RESISTENCIA;5;0;0;0;0;0;1
0;21;2014;ESCUELA COMERCIAL  JUAN B ALBERDI;1;0;RESISTENCIA;5;0;0;0;0;0;1
0;18;2014;C.E.P. Nß 66 EX - E.COM. Nß. 7 ROBERTO A. MULLER;1;0;RESISTENCIA;5;0;0;0;0;0;1
0;19;2014;C.E.P. Nß 66 EX - E.COM. Nß. 7 ROBERTO A. MULLER;1;0;RESISTENCIA;5;0;0;0;0;0;1
1;21;2014;C.E.P. Nß 33 - EX-E.N.S. 59JUAN F. QUIROGA;1;0;RESISTENCIA;5;0;0;0;0;0;1
0;34;2014;C.E.P. Nß 84 Prof. Pedro H. Ure§a;1;0;RESISTENCIA;5;0;0;0;0;0;1
1;20;2014;C.E.P. Nß 66 EX - E.COM. Nß. 7 ROBERTO A. MULLER;1;0;RESISTENCIA;5;0;0;0;0;0;1
0;27;2014;E.N.S. Nß 61 ARTURO ILLIA;1;0;BARRANQUERAS;3;0;0;0;0;0;1
0;26;2014;C.E.P. Nß 30 (EX-ENS 49 ESTANISLAO S. ZEBALLOS);1;0;RESISTENCIA;0;3;1;3;0;1;1
0;19;2014;E.P.E.T. Nß 1  DE FORMOSA;1;1;EL COLORADO;1;3;1;5;0;0;0
0;25;2014;U.E.P. Nß 1 INSTITUTO EDUCATIVO PRIVADO;0;0;RESISTENCIA;0;2;3;0;3;3;0
0;19;2014;C.E.P. Nß 66 EX - E.COM. Nß. 7 ROBERTO A. MULLER;1;0;RESISTENCIA;2;2;1;1;0;2;0
0;26;2014;U.E.P. Nß 16 JOSE MANUEL ESTRADA;0;0;RESISTENCIA;5;0;0;0;0;0;1
0;22;2014;CENTRO CULTURAL CORRENTINO IS 26;0;0;CORRIENTES;0;1;4;3;0;3;0
1;25;2014;ESCUELA NORMAL DR. JUAN PUJOL;1;0;CORRIENTES;5;0;0;0;0;0;1
0;18;2014;E.P.E.S Nß54 GOBERNADOR JUAN JOSE SILVA;1;0;RESISTENCIA;4;1;0;1;0;0;1
0;20;2014;C.E.P. Nß 25 CACICA M. DOMINGA;1;0;RESISTENCIA;5;0;0;0;0;0;1
0;22;2014;C.E.P. Nß 66 EX - E.COM. Nß. 7 ROBERTO A. MULLER;1;0;RESISTENCIA;5;0;0;0;0;0;1
0;22;2014;CENTRO CULTURAL CORRENTINO IS 26;0;0;RESISTENCIA;4;1;0;1;1;0;0
0;17;2014;U.E.P. Nß 26 SAN JOSE OBRERO;0;0;RESISTENCIA;5;0;0;0;0;0;0
0;19;2014;E.P.E.T. Nß 363 LAS TOSCAS;1;1;LAS TOSCAS;5;0;0;0;0;0;1
0;19;2014;C.E.P. Nß 2 PROF. IV?N SAGARDUY;1;0;RESISTENCIA;5;0;0;0;0;0;1
0;20;2014;U.E.P. Nß 12 INSTITUTO PRIVADO CRISTIANO;0;0;RESISTENCIA;5;0;0;0;0;0;1
0;20;2014;C.E.P. Nß 28 (EX-E.N.S. 41 GENERAL LORENZO WINTER);1;0;FONTANA;5;0;0;0;0;0;1
0;19;2014;E.N.S. Nß 83 -DR.ERNESTO GUEVARA DE LA SERNA;1;0;RESISTENCIA;5;0;0;0;0;0;1
0;28;2014;E.E.T. Nß 24 - SIMON DE IRIONDO;1;1;RESISTENCIA;5;0;0;0;0;0;1
0;36;2014;E.E.T. Nß 21 GENERAL MANUEL BELGRANO;1;1;RESISTENCIA;2;1;2;0;0;0;1
1;20;2014;E.P.E.S Nß 49 General JosÇ de San Mart°n;1;0;CORRIENTES;5;0;0;0;0;0;1
0;22;2014;U.E.P. Nß 16 JOSE MANUEL ESTRADA;0;0;RESISTENCIA;3;2;0;1;0;1;0
0;18;2014;U.E.P. Nß 15 INSTITUTO PRIVADO CHACO;0;0;RESISTENCIA;5;0;0;0;0;0;0
0;21;2014;E.E.T. Nß 2 GRAL JOSE DE SAN MARTIN;1;1;BARRANQUERAS;5;0;0;0;0;0;1
0;23;2014;C.E.P. Nß 15 (ex-E.N.S. 18 JosÇ Hernandez);1;0;BARRANQUERAS;5;0;0;0;0;0;1
0;28;2014;E.E.T.A. Nß 32 - MARTIN L. GUZMAN;1;1;RESISTENCIA;0;0;5;0;2;4;0
0;27;2014;C.E.P. Nß 45 Esteban Echeverr°a;1;0;RESISTENCIA;5;0;0;0;0;0;0
0;23;2014;E.E.T. Nß 24 - SIMON DE IRIONDO;1;1;RESISTENCIA;0;4;1;1;3;2;0
0;24;2014;E.E.T. Nß 21 GENERAL MANUEL BELGRANO;1;1;RESISTENCIA;5;0;0;0;0;0;1
0;23;2014;E.N.S. Nß 87 ESCUELA NORMAL SARMIENTO;1;0;RESISTENCIA;5;0;0;0;0;0;1
0;26;2014;C.E.P. Nß 67 EX - E.COM. Nß 8 GRAL. MANUEL OBLIGADO;1;0;BARRANQUERAS;2;2;1;3;0;0;1
0;29;2014;E. T. Nß 2 - BERNARDINO RIVADAVIA;1;1;PUERTO VILELAS;5;0;0;0;0;0;1
1;35;2014;Escuela Provincial de Comercio Nß 50;1;0;RESISTENCIA;5;0;0;0;0;0;1
0;25;2014;INST.MANUEL LOPEZ RODRIGUEZ;0;0;RESISTENCIA;5;0;0;0;0;0;1
0;20;2014;B.L.A. Nß 12 Bachillerato  Libre para Adultos;1;0;RESISTENCIA;5;0;0;0;0;0;1
0;19;2014;C.E.P. Nß 9  MAESTRO SARMIENTO;1;0;RESISTENCIA;5;0;0;0;0;0;1
0;22;2014;C.E.P. Nß 3;1;0;RESISTENCIA;4;1;0;1;0;1;0
0;26;2014;E.E.T. Nß 21 GENERAL MANUEL BELGRANO;1;1;RESISTENCIA;3;1;1;3;0;0;1
1;17;2014;C.E.P. Nß 29 ESTHER M. DE DIAZ;1;0;RESISTENCIA;5;0;0;0;0;0;1
0;20;2014;ESCUELA DE COMERCIO  Nß 19;1;0;RESISTENCIA;2;3;0;1;1;1;0
0;22;2014;C.E.P. Nß 66 EX - E.COM. Nß. 7 ROBERTO A. MULLER;1;0;RESISTENCIA;5;0;0;0;0;0;1
0;18;2014;Escuela Normal Superior;1;0;RESISTENCIA;5;0;0;0;0;0;0
0;23;2014;B.L.A. Nß 10 Bachillerato  Libre para Adultos - La Escondida;1;0;RESISTENCIA;5;0;0;0;0;0;0
0;27;2014;E.E.T. Nß 21 GENERAL MANUEL BELGRANO;1;1;RESISTENCIA;0;1;4;0;3;3;0
0;34;2014;E.E.T. Nß 1 JUANA MANSO;1;1;RESISTENCIA;5;0;0;0;0;0;1
0;27;2014;C.E.P. Nß 14 (V A);1;0;RESISTENCIA;2;0;0;2;0;0;0
0;25;2014;U.E.P. Nß 8 PABLO A.PIZZURNO;0;0;PAMPA DEL INDIO;4;1;0;0;0;0;1
0;26;2014;E.E.T. Nß 2 GRAL JOSE DE SAN MARTIN;1;1;BARRANQUERAS;5;0;0;0;0;0;1
1;22;2014;E.E.T. Nß 33;1;1;RESISTENCIA;5;0;0;0;0;0;1
1;40;2014;E.N.S. Nß 83 -DR.ERNESTO GUEVARA DE LA SERNA;1;0;RESISTENCIA;5;0;0;0;0;0;1
0;24;2014;E.E.S. Nß 68 ANEXO B.L.A.;1;0;RESISTENCIA;4;1;0;1;0;0;1
0;19;2014;C.E.P. Nß 9  MAESTRO SARMIENTO;1;0;RESISTENCIA;2;2;1;0;0;3;0
1;23;2014;ESCUELA COMERCIAL  JUAN B ALBERDI;1;0;RESISTENCIA;4;0;0;0;0;0;1
0;23;2014;E.E.T. Nß 21 GENERAL MANUEL BELGRANO;1;1;RESISTENCIA;1;2;2;4;0;1;0
0;18;2014;E.N.S. Nß 87 ESCUELA NORMAL SARMIENTO;1;0;RESISTENCIA;2;2;1;1;0;2;0
0;20;2014;C.E.P. Nß 33 - EX-E.N.S. 59JUAN F. QUIROGA;1;0;RESISTENCIA;5;0;0;0;0;0;1
0;19;2014;E.N.S. Nß 75 JULIO CORTAZAR;1;0;RESISTENCIA;5;0;0;0;0;0;0
0;23;2014;E.N.S. Nß 87 ESCUELA NORMAL SARMIENTO;1;0;RESISTENCIA;5;0;0;0;0;0;1
0;29;2014;E.E.T. Nß 24 - SIMON DE IRIONDO;1;1;RESISTENCIA;5;0;0;0;0;0;1
0;19;2014;E.E.T. Nß 2 GRAL JOSE DE SAN MARTIN;1;1;BARRANQUERAS;3;2;0;1;0;1;0
0;20;2014;C.E.P. Nß 77 EX - E.N.S. 26 GENERAL MANUEL N. SAVIO;1;0;PUERTO TIROL - COLONIA BENITEZ - MARGARITA BELEN;5;0;0;0;0;0;0
0;19;2014;C.E.P. Nß 77 EX - E.N.S. 26 GENERAL MANUEL N. SAVIO;1;0;PUERTO TIROL - COLONIA BENITEZ - MARGARITA BELEN;4;0;1;0;0;0;1
0;21;2014;U.E.P. Nß 16 JOSE MANUEL ESTRADA;0;0;RESISTENCIA;4;1;0;0;0;1;0
0;19;2014;E.E.T. Nß 24 - SIMON DE IRIONDO;1;1;RESISTENCIA;0;4;1;3;0;3;0
0;18;2014;Escuela de Educaci¢n Secundaria Orientada;1;0;BARRANQUERAS;4;1;0;0;0;1;0
0;27;2014;E.N.S. Nß 45 HEROES DEL ATLANTICO SUR;1;0;RESISTENCIA;2;2;1;2;0;1;0
0;22;2014;Instituto Sup del Prof Gral.Jose de San Martin;0;0;BARRANQUERAS;5;0;0;0;0;0;0
0;22;2014;INSTITUTO PRIVADO DE EDUCACION MAHATMA GANDHI;0;0;CORRIENTES;5;0;0;0;0;0;1
0;22;2014;E.N.S. Nß 85 Eva Duarte;1;0;VIRASORO;5;0;0;0;0;0;1
1;21;2014;E.N.S. Nß 60 GENERAL ANGEL VICENTE PE•ALOZA;1;0;RESISTENCIA;5;0;0;0;0;0;1
0;18;2014;E.N.S. Nß 76 GRAL. JOSE MARIA PAZ;1;0;RESISTENCIA;0;3;2;3;1;2;0
0;19;2014;INSTITUTO PRIVADO GENERAL SAN MARTIN;0;0;CORRIENTES;3;2;0;3;0;0;1
0;22;2014;E.E.T.A. Nß 32 - MARTIN L. GUZMAN;1;1;RESISTENCIA;1;2;2;1;1;3;0
1;26;2014;C.E.P. Nß 11 - EX-E.N.S. 11 PROFESOR LINO TORRES;1;0;RESISTENCIA;5;0;0;0;0;0;1
1;40;2014;E.E.T. Nß 24 - SIMON DE IRIONDO;1;1;RESISTENCIA;5;0;0;0;0;0;1
0;34;2014;C.E.P. Nß 11 - EX-E.N.S. 11 PROFESOR LINO TORRES;1;0;RESISTENCIA;0;3;2;3;2;1;0
0;20;2014;E.E.T. Nß 24 - SIMON DE IRIONDO;1;1;BARRANQUERAS;2;2;1;0;1;2;0
0;21;2014;U.E.P. Nß 109 COLEGIO INTEGRAL DR.CARLOS LOPEZ PI;0;0;RESISTENCIA;2;3;0;0;1;2;0
0;18;2014;E.N.S. Nß 75 JULIO CORTAZAR;1;0;RESISTENCIA;0;4;1;3;1;2;0
0;24;2014;E.P.N.M. Nß 19 Vuelta de Obligado;1;0;RESISTENCIA;2;2;1;2;1;1;1
1;18;2014;E.N.S. Nß 76 GRAL. JOSE MARIA PAZ;1;0;RESISTENCIA;2;3;0;1;1;1;0
0;18;2014;C.E.P. Nß 11 - EX-E.N.S. 11 PROFESOR LINO TORRES;1;0;RESISTENCIA;0;3;2;1;0;3;0
0;25;2014;C.E.P. Nß 32 - EX-E.N.S. 56 DOMINGO MATHEU;1;0;RESISTENCIA;5;0;0;0;0;0;1
0;20;2014;E.E.T. Nß 27 - FRANCISCO LE VRAUX;1;1;LAS PALMAS;5;0;0;0;0;0;1
0;19;2014;E.E.T. Nß 27 - FRANCISCO LE VRAUX;1;1;RESISTENCIA;5;0;0;0;0;0;1
0;22;2014;C.E.P. Nß 20  ISLAS MALVINAS;1;0;RESISTENCIA;5;0;0;0;0;0;1
0;20;2014;B.L.A. Nß 1 JUANA DE IBARBOUROU;1;0;RESISTENCIA;2;1;2;0;1;2;0
0;17;2014;E.N.S. Nß 85 Eva Duarte;1;0;BARRANQUERAS;5;0;0;0;0;0;1
0;35;2014;E.N.S. Nß 76 GRAL. JOSE MARIA PAZ;1;0;RESISTENCIA;5;0;0;0;0;0;1
0;21;2014;E.N.S. Nß 45 HEROES DEL ATLANTICO SUR;1;0;RESISTENCIA;3;2;0;1;0;1;0
0;19;2014;C.E.P. Nß 11 - EX-E.N.S. 11 PROFESOR LINO TORRES;1;0;RESISTENCIA;5;0;0;0;0;0;1
0;19;2014;E.E.T. Nß 2 GRAL JOSE DE SAN MARTIN;1;1;BARRANQUERAS;1;3;1;1;2;1;0
0;21;2014;E.E.T. Nß 24 - SIMON DE IRIONDO;1;1;FONTANA;2;3;0;1;1;0;0
0;18;2014;U.E.P. Nß 55 INSTITUTO DON ORIONE;0;0;BARRANQUERAS;2;1;2;0;0;3;0
0;24;2014;E.N.S. Nß 76 GRAL. JOSE MARIA PAZ;1;0;RESISTENCIA;2;1;2;5;0;0;1
0;21;2014;ESCUELA NORMAL  MARIA LUISA ROMAN DE FRECHOU;1;0;RESISTENCIA;3;1;1;0;0;0;1
0;21;2014;U.E.P. Nß 61 EBEN EZER;0;0;RESISTENCIA;5;0;0;0;0;0;1
0;18;2014;INST.SAN JOSE;0;0;CORRIENTES;0;3;2;0;3;3;0
0;18;2014;U.E.P. Nß 21 MARIA AUXILIADORA;0;0;RESISTENCIA;5;0;0;0;0;0;1
1;18;2014;U.E.P. Nß 31 SAN ROQUE;0;0;RESISTENCIA;5;0;0;0;0;0;1
0;17;2014;ESCUELA COMERCIAL  JUAN B ALBERDI;1;0;RESISTENCIA;5;0;0;0;0;1;0
0;24;2014;E.E.T. - BRIGADIER GENERAL PEDRO FERRE;1;1;RESISTENCIA;5;0;0;0;0;0;1
0;30;2014;E.G.B. Nß 01- ISFD FAC;1;0;RESISTENCIA;4;0;1;2;0;1;0
0;18;2014;U.E.P. Nß 73 IGLESIA DE JESUCRISTO;0;0;RESISTENCIA;4;1;0;0;0;1;0
0;18;2014;E.N.S. Nß 76 GRAL. JOSE MARIA PAZ;1;0;RESISTENCIA;5;0;0;0;0;0;1
1;18;2014;INSTITUTO SUPERIOR FELIX ATILIO CABRERA;1;0;RESISTENCIA;5;0;0;0;0;0;1
0;39;2014;Colegio Secundario Manuel Vicente Figuerero;1;0;RESISTENCIA;5;0;0;0;0;0;1
0;18;2014;U.E.P. Nß 73 IGLESIA DE JESUCRISTO;0;0;RESISTENCIA;2;2;1;0;1;2;0
0;19;2014;C.E.P. Nß 35 (EX-E.N.S. 69);1;0;RESISTENCIA;3;2;0;2;0;0;0
0;21;2014;B.L.A. Nß 1 JUANA DE IBARBOUROU;1;0;RESISTENCIA;5;0;0;0;0;0;1
1;24;2014;E.N.S. Nß 45 HEROES DEL ATLANTICO SUR;1;0;RESISTENCIA;1;1;1;1;1;1;0
0;24;2014;E.E.T. Nß 21 GENERAL MANUEL BELGRANO;1;1;RESISTENCIA;1;2;1;1;1;1;0
0;23;2014;COLEGIO PRIVADO JOHN KENNEDY;0;0;CORRIENTES;3;0;0;0;0;1;0
0;24;2015;U.E.P. Nß 101 INSTITUTO EDUCATIVO PENIEL;0;0;RESISTENCIA;2;2;1;0;0;3;0
0;21;2015;Instituto Sagrada Familia;0;0;RESISTENCIA;0;0;5;1;3;2;0
0;30;2015;E.E.T. Nß 1 JUANA MANSO;1;1;CORRIENTES;0;1;4;0;1;5;0
0;25;2015;E.E.T. Nß 21 GENERAL MANUEL BELGRANO;1;1;RESISTENCIA;5;0;0;0;0;0;1
0;26;2015;U.E.P. Nß 18 NUESTRA SE•ORA DE ITATI;0;0;RESISTENCIA;4;0;1;3;0;0;0
0;42;2015;C.E.P. Nß 11 - EX-E.N.S. 11 PROFESOR LINO TORRES;1;0;RESISTENCIA;2;0;3;0;1;2;0
0;22;2015;E.N.S. Nß 87 ESCUELA NORMAL SARMIENTO;1;0;RESISTENCIA;5;0;0;0;0;0;1
0;24;2015;E. T. Nß 2 - BERNARDINO RIVADAVIA;1;1;CORRIENTES;1;0;4;1;1;4;0
0;25;2015;U.E.P. Nß 19 DON BOSCO;0;0;RESISTENCIA;1;4;0;3;0;2;0
0;26;2015;U.E.P. Nß 19 DON BOSCO;0;0;RESISTENCIA;0;1;3;1;1;3;0
0;27;2015;E.E.T. Nß 24 - SIMON DE IRIONDO;1;1;RESISTENCIA;1;2;2;0;0;0;1
0;26;2015;E.E.T. Nß 24 - SIMON DE IRIONDO;1;1;RESISTENCIA;2;2;1;0;0;0;1
0;25;2015;U.E.P. Nß 19 DON BOSCO;0;0;RESISTENCIA;4;0;1;0;0;2;0
0;18;2015;E.N.S. Nß 76 GRAL. JOSE MARIA PAZ;1;0;RESISTENCIA;1;2;2;0;0;4;0
0;31;2015;E.E.T. Nß 21 GENERAL MANUEL BELGRANO;1;1;RESISTENCIA;1;3;1;2;0;3;0
0;24;2015;ESCUELA COMERCIAL PRESIDENTE DR. ARTURO UMBERTO ILLIA;1;0;CORRIENTES;3;1;1;2;0;1;0
0;21;2015;E.E.T.A. Nß 32 - MARTIN L. GUZMAN;1;1;RESISTENCIA;3;0;2;1;0;2;0
0;20;2015;C.E.P. Nß 66 EX - E.COM. Nß. 7 ROBERTO A. MULLER;1;0;RESISTENCIA;3;1;1;0;0;0;1
0;21;2015;E.N.S. Nß 76 GRAL. JOSE MARIA PAZ;1;0;RESISTENCIA;3;1;1;3;0;0;0
0;32;2015;Colegio Secundario Manuel Belgrano;1;0;CORRIENTES;5;0;0;0;0;0;0
0;27;2015;C.E.P. Nß 66 EX - E.COM. Nß. 7 ROBERTO A. MULLER;1;0;RESISTENCIA;4;0;1;0;0;0;1
0;18;2015;E.N.S. Nß 76 GRAL. JOSE MARIA PAZ;1;0;RESISTENCIA;2;1;2;0;0;3;0
0;19;2015;E.E.T. Nß 2 GRAL JOSE DE SAN MARTIN;1;1;BARRANQUERAS;3;1;1;1;0;2;0
0;19;2015;E.N.S. Nß 76 GRAL. JOSE MARIA PAZ;1;0;RESISTENCIA;3;2;0;3;0;0;1
1;25;2015;C.E.P. Nß 73 Ldor. Gral. J. de San Mart°n;1;0;PRESIDENCIA DE LA PLAZA;3;0;2;0;3;1;0
0;19;2015;E.E.T. Nß 36  ALMIRANTE BROWN;1;1;RESISTENCIA;5;0;0;0;0;0;1
0;19;2015;C.E.P. Nß 66 EX - E.COM. Nß. 7 ROBERTO A. MULLER;1;0;RESISTENCIA;5;0;0;0;0;0;1
0;22;2015;C.E.P. Nß 2 PROF. IV?N SAGARDUY;1;0;BARRANQUERAS;1;2;2;3;0;2;0
0;25;2015;C.E.P. Nß 66 EX - E.COM. Nß. 7 ROBERTO A. MULLER;1;0;RESISTENCIA;3;2;0;0;1;2;0
0;21;2015;U.E.P. Nß 19 DON BOSCO;0;0;RESISTENCIA;2;0;3;1;0;2;0
1;20;2015;C.E.P. Nß 83 (EX-ENS 55LUIS J.CHORROARIN);1;0;RESISTENCIA;4;1;0;1;0;0;0
0;19;2015;E.N.S. Nß 76 GRAL. JOSE MARIA PAZ;1;0;BARRANQUERAS;2;1;2;0;0;3;0
0;30;2015;U.E.P. Nß 19 DON BOSCO;0;0;RESISTENCIA;5;0;0;0;0;0;1
0;19;2015;Colegio Secundario Manuel Belgrano;1;0;RESISTENCIA;3;1;1;1;0;2;0
0;30;2015;E.E.T. Nß 21 GENERAL MANUEL BELGRANO;1;1;RESISTENCIA;5;0;0;0;0;0;1
0;21;2015;Colegio Nacional Almirante Guillermo Brown;1;0;CORRIENTES;5;0;0;0;0;0;1
0;55;2015;E.E.T. Nß 2 GRAL JOSE DE SAN MARTIN;1;1;RESISTENCIA;5;0;0;0;0;0;1
0;18;2015;IS. 55 - Kid?s School;0;0;CORRIENTES;2;1;2;1;0;2;0
0;27;2015;Instituto Mariano Moreno;0;0;RESISTENCIA;0;3;2;0;2;4;0
0;19;2015;U.E.P. Nß 109 COLEGIO INTEGRAL DR.CARLOS LOPEZ PI;0;0;RESISTENCIA;4;0;1;0;0;0;1
0;29;2015;E.P.E.T. Nß 1  DE FORMOSA;1;1;FORMOSA;0;2;2;1;2;2;0
0;29;2015;E.E.T. Nß 21 GENERAL MANUEL BELGRANO;1;1;RESISTENCIA;1;0;1;4;0;0;1
0;17;2015;E.N.S. Nß 76 GRAL. JOSE MARIA PAZ;1;0;RESISTENCIA;3;2;0;1;1;1;0
0;30;2015;E.N.S. Nß 76 GRAL. JOSE MARIA PAZ;1;0;RESISTENCIA;2;2;1;1;0;2;0
0;20;2015;U.E.P. Nß 101 INSTITUTO EDUCATIVO PENIEL;0;0;RESISTENCIA;4;0;1;0;0;0;1
0;19;2015;U.E.P. Nß 168 INST.INTEGRADOR MARIA MONTESSORI;0;0;RESISTENCIA;5;0;0;0;0;0;1
0;18;2015;E.N.S. Nß 76 GRAL. JOSE MARIA PAZ;1;0;RESISTENCIA;1;2;2;0;1;3;0
0;19;2015;E.E.T. Nß 24 - SIMON DE IRIONDO;1;1;RESISTENCIA;4;0;1;0;0;0;0
0;24;2015;U.E.P. Nß 55 INSTITUTO DON ORIONE;0;0;BARRANQUERAS;5;0;0;0;0;0;1
0;19;2015;E.N.S. Nß 45 HEROES DEL ATLANTICO SUR;1;0;BARRANQUERAS;2;2;1;3;0;0;0
0;26;2015;U.E.P. Nß 19 DON BOSCO;0;0;RESISTENCIA;0;0;5;0;2;4;0
0;18;2015;E.N.S. Nß 87 ESCUELA NORMAL SARMIENTO;1;0;RESISTENCIA;3;2;0;3;0;0;0
1;27;2016;U.E.P. Nß 21 MARIA AUXILIADORA;0;0;RESISTENCIA;4;1;0;1;0;1;0
0;22;2016;E.N.S. Nß 87 ESCUELA NORMAL SARMIENTO;1;0;RESISTENCIA;0;3;1;1;1;3;0
0;25;2016;C.E.P. Nß 82 Dr.Rene Favaloro;1;0;FLORENCIA;2;2;0;0;1;1;1
0;28;2016;ESCUELA COMERCIAL  JUAN B ALBERDI;1;0;RESISTENCIA;4;0;0;0;0;0;1
1;30;2016;E.N.S. Nß 39 JUANA A DE PADILLA;1;0;RESISTENCIA;0;0;1;1;0;3;0
0;27;2016;ESCUELA COMERCIAL  JUAN B ALBERDI;1;0;RESISTENCIA;3;0;1;3;1;1;0
0;29;2016;INST.SANTA CATALINA LOBOURê;0;0;CLORINDA;0;0;2;1;0;3;0
1;27;2016;U.E.P. Nß 18 NUESTRA SE•ORA DE ITATI;0;0;RESISTENCIA;4;0;1;1;0;1;0
1;20;2016;U.E.P. Nß 18 NUESTRA SE•ORA DE ITATI;0;0;FONTANA;3;0;2;2;0;0;0
0;21;2016;E.N.S. Nß 76 GRAL. JOSE MARIA PAZ;1;0;RESISTENCIA;3;1;1;0;1;1;0
0;20;2016;E.E.T. Nß 24 - SIMON DE IRIONDO;1;1;RESISTENCIA;5;0;0;0;0;0;1
0;23;2016;C.E.P. Nß 3;1;0;CORRIENTES;4;1;0;2;0;0;1
0;25;2016;Escuela Profesional Magdalena GÅemes de Tejeda;1;0;RESISTENCIA;1;1;3;1;1;3;0
0;19;2016;U.E.P. Nß 31 SAN ROQUE;0;0;RESISTENCIA;3;1;1;4;0;0;1
0;24;2016;E.E.T. Nß 21 GENERAL MANUEL BELGRANO;1;1;RESISTENCIA;2;1;2;3;0;0;0
0;26;2016;E.P.E.S. Nß10;1;0;FORMOSA;3;2;0;2;0;0;0
0;56;2016;U.E.P. Nß 19 DON BOSCO;0;0;GENERAL JOSE DE SAN MARTIN;5;0;0;0;0;0;1
0;22;2016;INSTITUTO PRIVADO GENERAL SAN MARTIN;0;0;FORMOSA;0;3;1;1;2;2;1
0;47;2016;E.E.T. Nß 22 TTE.BENJAMIN MATIENZO;1;1;BARRANQUERAS;0;1;4;6;0;0;1
0;26;2016;ESCUELA NORMAL DR. JUAN PUJOL;1;0;CORRIENTES;0;2;3;1;3;2;0
0;31;2016;C.E.P. Nß 67 EX - E.COM. Nß 8 GRAL. MANUEL OBLIGADO;1;0;RESISTENCIA;0;1;4;1;2;3;0
0;17;2016;Instituto de EGB y Polimodal San Lucas 0907;1;0;CORRIENTES;2;2;1;0;1;1;0
0;18;2016;E.N.S. Nß 87 ESCUELA NORMAL SARMIENTO;1;0;RESISTENCIA;3;1;1;0;2;1;0
0;22;2016;C.E.P. Nß 32 - EX-E.N.S. 56 DOMINGO MATHEU;1;0;RESISTENCIA;4;0;1;0;0;0;1
0;22;2016;U.E.P. Nß 19 DON BOSCO;0;0;RESISTENCIA;4;0;1;1;0;1;0
1;29;2016;U.E.P. Nß 18 NUESTRA SE•ORA DE ITATI;0;0;RESISTENCIA;0;0;5;1;0;5;0
0;25;2016;C.E.P. Nß 66 EX - E.COM. Nß. 7 ROBERTO A. MULLER;1;0;RESISTENCIA;5;0;0;0;0;0;1
0;30;2016;C.E.P. Nß 29 ESTHER M. DE DIAZ;1;0;RESISTENCIA;4;1;0;0;0;1;0
0;18;2016;E.N.S. Nß 76 GRAL. JOSE MARIA PAZ;1;0;BARRANQUERAS;2;1;2;0;1;2;0
0;18;2016;U.E.P. Nß 42 INSTITUTO ADVENTISTA DE RESISTENCIA;0;0;RESISTENCIA;3;1;1;1;1;0;0
0;30;2016;C.E.P. Nß 67 EX - E.COM. Nß 8 GRAL. MANUEL OBLIGADO;1;0;RESISTENCIA;4;0;1;0;0;0;1
0;19;2016;E.N.S. Nß 76 GRAL. JOSE MARIA PAZ;1;0;RESISTENCIA;2;2;1;0;1;2;0
0;20;2016;E.E.S Nß 175  Dr Carlos A. Barberan;1;0;RESISTENCIA;4;1;0;1;0;1;0
0;19;2016;E.E.T.A. Nß 32 - MARTIN L. GUZMAN;1;1;FONTANA;2;1;2;0;1;2;0
0;18;2016;U.E.P. Nß 101 INSTITUTO EDUCATIVO PENIEL;0;0;BARRANQUERAS;1;4;0;4;0;0;0
0;19;2016;U.E.P. Nß 6 DR ARISTIDES OMAS GINESTA;0;0;BARRANQUERAS;3;2;0;1;1;1;0
0;27;2016;E.N.S. Nß 76 GRAL. JOSE MARIA PAZ;1;0;BARRANQUERAS;4;0;1;0;0;0;1
0;19;2016;E.N.S. Nß 78 EX COLEGIO NACIONAL;1;0;RESISTENCIA;5;0;0;0;0;0;1
0;17;2016;U.E.P. Nß 42 INSTITUTO ADVENTISTA DE RESISTENCIA;0;0;RESISTENCIA;0;3;2;2;1;3;0
0;20;2016;E.E.T. Nß 21 GENERAL MANUEL BELGRANO;1;1;RESISTENCIA;4;0;1;0;0;0;1
0;22;2016;E.N.S. Nß 76 GRAL. JOSE MARIA PAZ;1;0;RESISTENCIA;4;1;0;1;0;0;0
0;18;2016;Colegio TÇcnico Privado Subvencionado Juan XXIII;0;1;RESISTENCIA;4;0;1;0;0;0;1
0;24;2016;U.E.P. Nß 109 COLEGIO INTEGRAL DR.CARLOS LOPEZ PI;0;0;RESISTENCIA;1;3;0;4;0;0;1
0;21;2016;E.E.T. Nß 363;1;1;CORRIENTES;1;4;0;0;0;4;0
0;17;2016;E.N.S. Nß 45 HEROES DEL ATLANTICO SUR;1;0;RESISTENCIA;5;0;0;0;0;0;1
0;24;2016;E.E.T. Nß 24 - SIMON DE IRIONDO;1;1;RESISTENCIA;2;0;0;0;0;0;1
0;18;2016;U.E.P. Nß 26 SAN JOSE OBRERO;0;0;RESISTENCIA;3;1;1;0;1;1;0
0;26;2016;E.E.T. Nß 22 TTE.BENJAMIN MATIENZO;1;1;RESISTENCIA;3;2;0;0;0;3;0
0;25;2016;C.E.P. Nß 3;1;0;RESISTENCIA;3;2;0;0;0;3;0
0;26;2016;Escuela Normal Superior;1;0;RESISTENCIA;3;2;0;1;0;2;0
0;21;2016;C.E.P. Nß 66 EX - E.COM. Nß. 7 ROBERTO A. MULLER;1;0;RESISTENCIA;3;1;1;0;1;2;0
0;21;2016;U.E.P. Nß 57 FRAY MAMERTO ESQUIU;0;0;CORRIENTES;1;1;3;1;1;2;0
0;23;2016;U.E.P. Nß 109 COLEGIO INTEGRAL DR.CARLOS LOPEZ PI;0;0;RESISTENCIA;2;1;2;0;0;3;0
0;24;2016;C.E.P. Nß 70 J J G Pisarello;1;0;RESISTENCIA;3;2;0;3;0;0;0
0;27;2016;E.E.T. Nß 2 GRAL JOSE DE SAN MARTIN;1;1;BARRANQUERAS;5;0;0;0;0;0;1
0;17;2016;U.E.P. Nß 55 INSTITUTO DON ORIONE;0;0;RESISTENCIA;1;3;1;1;0;3;0
1;22;2016;U.E.P. Nß 101 INSTITUTO EDUCATIVO PENIEL;0;0;RESISTENCIA;4;1;0;1;0;0;0
0;25;2016;U.E.P. Nß 12 INSTITUTO PRIVADO CRISTIANO;0;0;RESISTENCIA;4;0;1;2;0;0;1
0;21;2016;C.E.P. Nß 52 - EX-E.N.S. 51HUGO WAST;1;0;BARRANQUERAS;3;2;0;0;0;0;0
0;18;2016;E.N.S. Nß 87 ESCUELA NORMAL SARMIENTO;1;0;RESISTENCIA;1;3;1;2;0;2;0
0;19;2016;INSTITUTO DE ENSE•ANZA ACELERADA PARA ADULTOS;1;0;RESISTENCIA;5;0;0;0;0;0;1
0;22;2016;U.E.P. Nß 19 DON BOSCO;0;0;RESISTENCIA;1;1;2;1;0;2;0
0;23;2016;U.E.P. Nß 9 LO SE TODO;0;0;RESISTENCIA;5;0;0;0;0;0;1
0;18;2016;E.E.T. Nß 24 - SIMON DE IRIONDO;1;1;RESISTENCIA;5;0;0;0;0;0;1
0;26;2016;E.E.T. Nß 21 GENERAL MANUEL BELGRANO;1;1;RESISTENCIA;3;1;1;1;0;2;0
0;25;2016;E.N.S. Nß 45 HEROES DEL ATLANTICO SUR;1;0;RESISTENCIA;5;0;0;0;0;0;1
1;26;2016;ESCUELA NORMAL DR. JUAN PUJOL;1;0;CORRIENTES;4;0;1;0;0;0;1
0;22;2016;E.E.T. Nß 21 GENERAL MANUEL BELGRANO;1;1;RESISTENCIA;5;0;0;0;0;0;0
0;19;2016;E.E.T. Nß 24 - SIMON DE IRIONDO;1;1;FONTANA;5;0;0;0;0;0;1
0;20;2016;E.N.S. Nß 45 HEROES DEL ATLANTICO SUR;1;0;BARRANQUERAS;5;0;0;0;0;0;0
0;25;2016;E.N.S. Nß 60 GENERAL ANGEL VICENTE PE•ALOZA;1;0;RESISTENCIA;5;0;0;0;0;0;1
0;31;2016;CENTRO CULTURAL CORRENTINO IS 26;0;0;CORRIENTES;0;4;1;2;2;2;0
0;23;2016;U.E.P. Nß 31 SAN ROQUE;0;0;RESISTENCIA;1;1;3;1;0;3;0
0;29;2016;C.E.P. Nß 35 (EX-E.N.S. 69);1;0;RESISTENCIA;5;0;0;0;0;0;0
0;19;2016;E.E.T. Nß 24 - SIMON DE IRIONDO;1;1;RESISTENCIA;3;0;2;0;0;0;0
0;22;2016;C.E.P. Nß 33 - EX-E.N.S. 59JUAN F. QUIROGA;1;0;RESISTENCIA;5;0;0;0;0;0;0
1;19;2016;E.N.S. Nß 31 JosÇ Gervacio Artigas;1;0;RESISTENCIA;5;0;0;0;0;0;1
0;20;2016;E.E.T.A. Nß 32 - MARTIN L. GUZMAN;1;1;RESISTENCIA;2;2;1;2;0;1;0
0;20;2016;E.E.T. Nß 363;1;1;BARRANQUERAS;5;0;0;0;0;0;0
0;18;2016;U.E.P. Nß 152 NUESTRA SRA.DE LA APARECIDA;0;0;BARRANQUERAS;5;0;0;0;0;0;1
0;20;2016;U.E.P. Nß 101 INSTITUTO EDUCATIVO PENIEL;0;0;RESISTENCIA;5;0;0;0;0;0;0
0;22;2016;E.E.T. Nß 24 - SIMON DE IRIONDO;1;1;RESISTENCIA;0;4;0;2;1;1;0
0;19;2017;E.N.S. Nß 76 GRAL. JOSE MARIA PAZ;1;0;RESISTENCIA;0;0;5;0;3;3;0
0;19;2017;E.N.S. Nß 76 GRAL. JOSE MARIA PAZ;1;0;RESISTENCIA;1;1;3;1;1;2;0
1;21;2017;E.E.T. Nß 24 - SIMON DE IRIONDO;1;1;BARRANQUERAS;1;2;2;3;0;2;0
0;20;2017;E.E.T. Nß 24 - SIMON DE IRIONDO;1;1;RESISTENCIA;0;1;4;2;2;2;0
0;23;2017;U.E.P. Nß 18 NUESTRA SE•ORA DE ITATI;0;0;CORRIENTES;4;0;0;0;0;0;1
0;21;2017;E.E.T. Nß 24 - SIMON DE IRIONDO;1;1;RESISTENCIA;0;1;2;2;1;2;0
0;26;2017;C.E.P. Nß 2 PROF. IV?N SAGARDUY;1;0;RESISTENCIA;2;0;1;2;0;0;1
0;21;2017;U.E.P. Nß 55 INSTITUTO DON ORIONE;0;0;PRESIDENCIA ROQUE SAENZ PE•A;4;0;1;0;0;0;1
0;21;2017;U.E.P. Nß 42 INSTITUTO ADVENTISTA DE RESISTENCIA;0;0;RESISTENCIA;2;1;2;1;0;0;1
0;28;2017;E.E.T. Nß 21 GENERAL MANUEL BELGRANO;1;1;RESISTENCIA;1;0;1;1;1;1;0
0;22;2017;U.E.P. Nß 19 DON BOSCO;0;0;RESISTENCIA;3;1;0;1;0;1;0
0;22;2017;E.N.S. Nß 76 GRAL. JOSE MARIA PAZ;1;0;RESISTENCIA;0;1;3;1;1;3;0
0;27;2017;E.E.M.P.I. Nß 8125 - JOSE MANUAL ESTRADA;1;0;LAS TOSCAS;0;2;2;5;0;0;0
0;18;2017;E.N.S. Nß 76 GRAL. JOSE MARIA PAZ;1;0;RESISTENCIA;5;0;0;0;0;0;0
0;20;2017;E.P.E.S Nß 49 General JosÇ de San Mart°n;1;0;RESISTENCIA;0;2;3;2;3;1;0
0;19;2017;U.E.P. Nß 55 INSTITUTO DON ORIONE;0;0;PRESIDENCIA ROQUE SAENZ PE•A;2;1;2;2;1;1;0
0;22;2017;U.E.P. Nß 55 INSTITUTO DON ORIONE;0;0;PRESIDENCIA ROQUE SAENZ PE•A;0;2;3;3;1;2;0
0;19;2017;E.N.S. Nß 76 GRAL. JOSE MARIA PAZ;1;0;RESISTENCIA;1;3;1;5;0;0;0
0;25;2017;U.E.P. Nß 16 JOSE MANUEL ESTRADA;0;0;RESISTENCIA;0;1;4;0;3;3;0
1;24;2017;C.E.P. Nß 66 EX - E.COM. Nß. 7 ROBERTO A. MULLER;1;0;RESISTENCIA;1;3;1;0;3;1;0
0;24;2017;ESCUELA NORMAL DR. JUAN PUJOL;1;0;CORRIENTES;4;0;1;1;0;1;0
0;25;2017;E.E.T. Nß 24 - SIMON DE IRIONDO;1;1;RESISTENCIA;3;0;2;1;2;2;0
0;19;2017;U.E.P. Nß 54 NUESTRA SE•ORA DE LA MISERICORDIA;0;0;RESISTENCIA;2;2;1;2;0;0;1
0;23;2017;ESCUELA COMERCIAL DR. LUIS FEDERICO LELOIR;1;0;CORRIENTES;2;2;1;3;0;0;0
0;18;2017;C.E.P. Nß 66 EX - E.COM. Nß. 7 ROBERTO A. MULLER;1;0;RESISTENCIA;5;0;0;0;0;0;0
0;26;2017;I.P Nuestra se§ora de la Misericordia;0;0;RESISTENCIA;1;2;2;2;1;2;0
0;20;2017;E.N.S. Nß 40 Explorador Ram¢n Lista;1;0;RESISTENCIA;4;0;1;0;1;0;0
0;24;2017;C.E.P. Nß 2 PROF. IV?N SAGARDUY;1;0;RESISTENCIA;1;2;2;2;1;2;0
0;17;2017;U.E.P. Nß 42 INSTITUTO ADVENTISTA DE RESISTENCIA;0;0;RESISTENCIA;3;1;1;1;2;0;0
0;18;2017;C.E.P. Nß 47 (EX-E.N.S. 20 MANUEL BELGRANO);1;0;RESISTENCIA;3;1;1;3;0;0;0
0;21;2017;E.E.T. Nß 24 - SIMON DE IRIONDO;1;1;RESISTENCIA;2;2;1;2;0;2;0
0;27;2017;C.E.P. Nß 24 (V A);1;0;RESISTENCIA;4;1;0;0;2;1;0
0;31;2017;C.E.P. Nß 5 Domingo F. Sarmiento;1;0;RESISTENCIA;3;1;1;1;1;1;0
0;23;2017;E.N.S. Nß 76 GRAL. JOSE MARIA PAZ;1;0;RESISTENCIA;5;0;0;0;0;0;1
0;30;2017;E. T. Nß 2 - BERNARDINO RIVADAVIA;1;1;CORRIENTES;5;0;0;0;0;0;0
1;25;2017;E.E.T. Nß 24 - SIMON DE IRIONDO;1;1;RESISTENCIA;2;2;1;1;1;2;0
0;35;2017;INSTITUTO PRIVADO GENERAL SAN MARTIN;0;0;RESISTENCIA;3;1;1;0;1;1;0
1;23;2017;C.E.P. Nß 26 CAP. DE FRAG. P.E. GIACHINO;1;0;RESISTENCIA;3;1;1;1;1;1;0
0;53;2017;C.E.P. Nß 60 Rep£blica de Honduras;1;0;RESISTENCIA;3;0;2;3;0;0;1
0;18;2017;C.E.P. Nß 11 - EX-E.N.S. 11 PROFESOR LINO TORRES;1;0;RESISTENCIA;4;0;1;0;0;0;1
0;22;2017;COLEGIO JUAN EUSEBIO TORRENT;1;0;RESISTENCIA;3;1;1;0;1;1;0
1;27;2017;B.L.A. Nß 1 JUANA DE IBARBOUROU;1;0;RESISTENCIA;5;0;0;1;0;0;0
0;28;2017;COLEGIO POLIMODAL  OLGA COSSETTINI;1;0;CORRIENTES;5;0;0;0;0;0;1
0;19;2017;E.E.T. Nß 24 - SIMON DE IRIONDO;1;1;RESISTENCIA;5;0;0;0;0;0;1
0;19;2017;E.E.T. Nß 24 - SIMON DE IRIONDO;1;1;RESISTENCIA;4;0;1;2;0;0;0
0;20;2017;E.E.T. Nß 363;1;1;LAS TOSCAS;5;0;0;0;0;0;0
0;18;2017;Colegio TÇcnico Privado Subvencionado Juan XXIII;0;1;RESISTENCIA;5;0;0;0;0;0;0
1;25;2017;U.E.P. Nß 12 INSTITUTO PRIVADO CRISTIANO;0;0;RESISTENCIA;5;0;0;0;0;0;1
0;20;2017;E.N.S. Nß 87 ESCUELA NORMAL SARMIENTO;1;0;FONTANA;2;2;1;1;1;1;0
0;36;2017;INST.PRIVADO MISERICORDIA;0;0;CORRIENTES;0;0;5;1;3;2;0
0;17;2017;COLEGIO POLIMODAL PRESIDENTE DR. ARTURO FRONDIZI;1;0;ISLA DEL CERRITO;4;0;1;0;0;0;1
0;21;2017;Colegio TÇcnico Privado Subvencionado Juan XXIII;0;1;RESISTENCIA;5;0;0;0;0;0;1
0;33;2017;E.N.S. Nß 44 Esther M. de D°az;1;0;RESISTENCIA;3;1;1;1;0;2;0
0;17;2017;C.E.P. Nß 93;1;0;RESISTENCIA;4;0;1;0;0;0;0
0;19;2017;C.E.P. Nß 67 EX - E.COM. Nß 8 GRAL. MANUEL OBLIGADO;1;0;FONTANA;2;1;2;1;1;1;0
0;12;2017;U.E.P. Nß 16 JOSE MANUEL ESTRADA;0;0;RESISTENCIA;5;0;0;0;0;0;1
1;28;2017;C.E.P. Nß 60 Rep£blica de Honduras;1;0;RESISTENCIA;2;2;1;1;2;1;0
0;19;2017;E.E.S Nß 24;1;0;RESISTENCIA;3;0;2;0;1;2;0
0;19;2017;E.E.T. Nß 24 - SIMON DE IRIONDO;1;1;RESISTENCIA;3;1;1;0;0;0;0
0;19;2017;E.N.S. Nß 76 GRAL. JOSE MARIA PAZ;1;0;RESISTENCIA;0;1;4;0;4;2;0
0;22;2017;E.N.S. Nß 76 GRAL. JOSE MARIA PAZ;1;0;RESISTENCIA;0;2;3;3;2;1;0
0;19;2017;E.E.T. Nß 21 GENERAL MANUEL BELGRANO;1;1;RESISTENCIA;5;0;0;0;0;0;1
1;18;2017;E.E.T. Nß 16 1ß DE MAYO;1;1;RESISTENCIA;4;0;1;0;0;0;0
0;19;2017;C.E.P. Nß 72 EX-ESC.COM. Nß 1, ALMIRANTE BROWN;1;0;BARRANQUERAS;5;0;0;0;0;0;1
0;18;2013;C.E.P. Nß 67 EX - E.COM. Nß 8 GRAL. MANUEL OBLIGADO;1;0;RESISTENCIA;0;4;0;0;0;0;0
0;19;2017;U.E.P. Nß 12 INSTITUTO PRIVADO CRISTIANO;0;0;RESISTENCIA;4;0;1;2;0;0;0
0;19;2017;E.N.S. Nß 60 GENERAL ANGEL VICENTE PE•ALOZA;1;0;RESISTENCIA;4;0;1;0;0;0;0
0;20;2017;CENTRO CULTURAL CORRENTINO IS 26;0;0;RESISTENCIA;3;1;1;1;1;1;0
0;17;2017;U.E.P. Nß 42 INSTITUTO ADVENTISTA DE RESISTENCIA;0;0;BARRANQUERAS;2;1;2;0;1;2;0
0;22;2015;INST.SAN JOSE;0;0;RECONQUISTA;0;5;0;0;6;0;1
0;25;2017;E.N.S. Nß 87 ESCUELA NORMAL SARMIENTO;1;0;RESISTENCIA;5;0;0;0;0;0;1
0;21;2017;C.E.P. Nß 54 Paplo Ricchieri;1;0;PUERTO TIROL - COLONIA BENITEZ - MARGARITA BELEN;4;0;1;0;0;0;1
0;22;2015;U.E.P. Nß 9 LO SE TODO;0;0;RESISTENCIA;5;0;0;0;0;0;1
0;33;2015;E.E.T. Nß 27 - FRANCISCO LE VRAUX;1;1;RESISTENCIA;5;0;0;0;0;0;1
0;21;2016;U.E.P. Nß 16 JOSE MANUEL ESTRADA;0;0;RESISTENCIA;5;0;0;0;0;0;1
0;19;2017;C.E.P. Nß 72 EX-ESC.COM. Nß 1, ALMIRANTE BROWN;1;0;BARRANQUERAS;5;0;0;0;0;0;1
